#;id;title;subtitle;content_raw;excerpt;status;is_hidden;date_published;date_modified;source;legacy_pk;inline_styles;inline_scripts;config;is_community_post;editorial_events;auto_summary;share;style;metadata;slug;legacy_uid;is_hidden_from_main_page;ugc_is_featured;keywords_for_search;is_unindexed;is_hidden_from_yandex_turbo;is_hidden_from_mobile_app;tags;editorials;flows;rubrics;author
1;00051c7f-9895-47db-bdf8-4ed60eb1854c;–§–æ—Ç–æ –ø–∏—Ç–æ–º—Ü–∞: –∫–æ—à–∫–∞ –ë–∞–≥–∏—Ä–∞ –Ω–∞ –ø–ª–µ—á–µ —Ö–æ–∑—è–∏–Ω–∞;;"[author]

[img src=""edf3f9fd-img-20230824-173440-711-jpg"" caption="""" prop=""noretina column""]

<p>–û–Ω–∞ —Ç–æ–ª—å–∫–æ –ø–æ—è–≤–∏–ª–∞—Å—å —Å–µ–π—á–∞—Å –±—É–¥–µ—Ç –≥–æ–¥–∏–∫</p>";;published;False;2024-06-14 10:01:10.287801+00;2025-02-20 15:11:59.221589+00;;0;;;{};True;[];–û–Ω–∞ —Ç–æ–ª—å–∫–æ –ø–æ—è–≤–∏–ª–∞—Å—å —Å–µ–π—á–∞—Å –±—É–¥–µ—Ç –≥–æ–¥–∏–∫;"{""title"": """", ""seo_faq"": """", ""og_image"": ""show-me-your-pet-fb.f9kyomjafxcc..jpg"", ""og_title"": ""–§–æ—Ç–æ –ø–∏—Ç–æ–º—Ü–∞: –∫–æ—à–∫–∞ –ë–∞–≥–∏—Ä–∞ –Ω–∞ –ø–ª–µ—á–µ —Ö–æ–∑—è–∏–Ω–∞"", ""vk_image"": ""show-me-your-pet-vk.5jjngiubpfqz..jpg"", ""zen_image"": ""community_default_share_zen.lm5h7s..jpg"", ""zen_title"": """", ""seo_how_to"": """", ""description"": """", ""og_description"": ""–ò—Å—Ç–æ—Ä–∏—è –∏–∑ —Å–æ–æ–±—â–µ—Å—Ç–≤–∞"", ""seo_breadcrumb"": """", ""seo_how_to_title"": """"}";"{""card"": {""card_image_type"": ""default"", ""card_image_border"": false}, ""is_redesign"": true}";"{""seo"": {""seo_title"": ""–ö–æ—à–∫–∞ –ë–∞–≥–∏—Ä–∞ –Ω–∞ –ø–ª–µ—á–µ —Ö–æ–∑—è–∏–Ω–∞"", ""seo_recipe"": {}, ""seo_breadcrumb"": """", ""seo_description"": """"}, ""ugc"": {""department"": ""UGC"", ""ugc_submit_date"": ""2024-06-14T13:00:50.171818+03:00"", ""ugc_form_answer_id"": ""08ccc2dd-5171-4eb1-ad19-8de35deafea9""}, ""comments"": {""comments_status"": ""on"", ""comments_editorial"": false, ""comments_author_text"": """"}, ""visibility"": {""is_unindexed"": false, ""ugc_is_featured"": false, ""is_hidden_from_app"": false, ""is_hidden_from_news"": false, ""is_hidden_from_search"": false, ""is_hidden_from_tj_app"": false, ""is_hidden_from_main_page"": false, ""is_hidden_from_yandex_turbo"": false}, ""content_authors"": []}";koshka-bagira-na-pleche;;False;False;;False;False;False;noads, –∫–æ—à–∫–∏;–ñ–∏–≤–æ—Ç–Ω—ã–µ;–ü–æ–∫–∞–∂–∏—Ç–µ –∑–≤–µ—Ä—è;–ú–∞—Ç–µ—Ä–∏–∞–ª—ã –∏–∑ —Å–æ–æ–±—â–µ—Å—Ç–≤–∞;–û–ª–µ–≥ –ï–≥–æ—Ä–æ–≤ 
2;00064e16-7b80-4af6-81b5-2fcc9cb814ae;¬´–ü–æ–Ω–∏–º–∞—é, —á—Ç–æ –∏–¥—É –Ω–µ –≤ —Ç–æ–º –Ω–∞–ø—Ä–∞–≤–ª–µ¬≠–Ω–∏–∏¬ª: –∫–∞–∫ —Å–¥–µ–ª–∞—Ç—å –∂–∏–∑–Ω—å —è—Ä—á–µ;–ü—Ä–∏–∑–Ω–∞–Ω–∏—è —á–∏—Ç–∞—Ç–µ–ª—å–Ω–∏—Ü—ã –∏ –∫–æ–º–º–µ–Ω—Ç–∞—Ä–∏–π –ø—Å–∏—Ö–æ–ª–æ–≥–∞;"[panel]
[p grade=""secondary""]–≠—Ç–æ—Ç —Ç–µ–∫—Å—Ç –Ω–∞–ø–∏—Å–∞–Ω {–≤ –°–æ–æ–±—â–µ—Å—Ç–≤–µ}(https://t-j.ru/community/), –±–µ—Ä–µ–∂–Ω–æ –æ—Ç—Ä–µ–¥–∞–∫—Ç–∏—Ä–æ–≤–∞–Ω –∏ –æ—Ñ–æ—Ä–º–ª–µ–Ω –ø–æ —Å—Ç–∞–Ω–¥–∞—Ä—Ç–∞–º —Ä–µ–¥–∞–∫—Ü–∏–∏[/p]
[/panel]

[author desc=""–±–æ—Ä–µ—Ç—Å—è —Å –∞–ø–∞—Ç–∏–µ–π"" social_id=""2647775""]

<p class=""lead"">–ú–Ω–µ 35, –≤—Å—é –∂–∏–∑–Ω—å —è —Ä–∞–±–æ—Ç–∞–ª–∞ —Å–ø–µ—Ü–∏–∞–ª–∏—Å—Ç–æ–º –ø–æ —Å–æ–ø—Ä–æ–≤–æ–∂–¥–µ–Ω–∏—é –∫–ª–∏–µ–Ω—Ç–æ–≤.</p>

<p>–ó–∞–Ω–∏–º–∞–ª–∞—Å—å –ø—Ä–æ–¥–∞–∂–∞–º–∏ –≤ —Ä–∞–∑–Ω—ã—Ö —Å—Ñ–µ—Ä–∞—Ö –æ–∫–æ–ª–æ 15 –ª–µ—Ç. –ü—Ä–æ–¥–≤–∏–Ω—É—Ç—å—Å—è –ø–æ –∫–∞—Ä—å–µ—Ä–µ –Ω–µ —É–¥–∞–≤–∞–ª–æ—Å—å. –°–µ–π—á–∞—Å —É–∂–µ –Ω–µ—Å–∫–æ–ª—å–∫–æ –ª–µ—Ç –∑–∞—Ä–ø–ª–∞—Ç–∞ –Ω–µ —Ä–∞—Å—Ç–µ—Ç ‚Äî —Å —É—á–µ—Ç–æ–º –∏–Ω—Ñ–ª—è—Ü–∏–∏ —Ç–∞–∫ —Å–µ–±–µ. –†–∞–±–æ—Ç–∞ –¥–∞–≤–Ω–æ –Ω–µ —Ä–∞–¥—É–µ—Ç. –Ø –ø—ã—Ç–∞–ª–∞—Å—å –µ–µ –ø–æ–º–µ–Ω—è—Ç—å. –ù–æ –ø—Ä–µ–¥–ª–∞–≥–∞–ª–∏ –ª–∏–±–æ –µ—â–µ –º–µ–Ω—å—à–∏–π –¥–æ—Ö–æ–¥, –∞ —è –∫ —ç—Ç–æ–º—É –Ω–µ –≥–æ—Ç–æ–≤–∞, –ª–∏–±–æ –æ–ø—è—Ç—å –ø—Ä–∏–º–µ—Ä–Ω–æ <span>—Ç–µ&nbsp;–∂–µ</span> –æ–±—è–∑–∞–Ω–Ω–æ—Å—Ç–∏.</p>

<p>–ú—É–∂–∞ —É –º–µ–Ω—è –Ω–µ—Ç. –î—Ä—É–∑–µ–π –≤ –º–æ–µ–º –≥–æ—Ä–æ–¥–µ ‚Äî —Ç–æ–∂–µ. –õ–∏–±–æ –ø–µ—Ä–µ–µ—Ö–∞–ª–∏, –ª–∏–±–æ –Ω–µ –æ—Å—Ç–∞–ª–æ—Å—å –æ–±—â–∏—Ö –∏–Ω—Ç–µ—Ä–µ—Å–æ–≤. –≠—Ç–æ –º–µ–Ω—è –æ—á–µ–Ω—å —Ä–∞—Å—Å—Ç—Ä–∞–∏–≤–∞–µ—Ç.</p>

<p>–†–∞–Ω—å—à–µ –±—ã–ª–∏ –¥–æ—Å—Ç—É–ø–Ω—ã –ø—É—Ç–µ–≤–∫–∏ –∑–∞ –≥—Ä–∞–Ω–∏—Ü—É, —ç—Ç–æ –º–µ–Ω—è –ø–æ –∂–∏–∑–Ω–∏ –º–æ—Ç–∏–≤–∏—Ä–æ–≤–∞–ª–æ: —è –∂–∏–ª–∞ –≤ –ø—Ä–µ–¥–≤–∫—É—à–µ–Ω–∏–∏ –æ—Ç–ø—É—Å–∫–∞. –°–µ–π—á–∞—Å –≤—Å–µ –ø–æ–¥–æ—Ä–æ–∂–∞–ª–æ. –î–ª—è&nbsp;–ø—É—Ç–µ—à–µ—Å—Ç–≤–∏–π –ø–æ –†–æ—Å—Å–∏–∏ –∑–∏–º–∞ ‚Äî –Ω–µ –ª—É—á—à–µ–µ –≤—Ä–µ–º—è. –°–ª—è–∫–æ—Ç—å –Ω–µ –ª—é–±–ª—é, —Ö–æ–ª–æ–¥ ‚Äî —Ç–æ–∂–µ –Ω–µ –º–æ–µ.</p>

<p>–ó–∞–ø–∏—Å–∞–ª–∞—Å—å –∏ —Ö–æ–∂—É –Ω–∞ —Ç–∞–Ω—Ü—ã. –ò–Ω–æ–≥–¥–∞ –≤—ã–±–∏—Ä–∞—é—Å—å –Ω–∞ –∫–æ–Ω—Ü–µ—Ä—Ç—ã, –Ω–æ —Ç–∞–º —á—É–≤—Å—Ç–≤—É—é –æ–¥–∏–Ω–æ—á–µ—Å—Ç–≤–æ: –≤—Å–µ —Å –¥—Ä—É–∑—å—è–º–∏, –∞ —è –æ–¥–Ω–∞. –ü–æ–Ω–∏–º–∞—é, —á—Ç–æ –∏–¥—É –Ω–µ –≤ —Ç–æ–º –Ω–∞–ø—Ä–∞–≤–ª–µ–Ω–∏–∏, –∞ –∫—É–¥–∞ –¥–≤–∏–≥–∞—Ç—å—Å—è, –Ω–µ –∑–Ω–∞—é. –ü–æ–ª–Ω–∞—è –∞–ø–∞—Ç–∏—è –∏ –≤—ã–≥–æ—Ä–∞–Ω–∏–µ.</p>


[author name=""–ï–≤–≥–µ–Ω–∏—è –õ—é—Ç–æ–≤–∞"" img=""avatar-therapist-poteriala-interes-k-zhizni-1"" desc=""–∫–ª–∏–Ω–∏—á–µ—Å–∫–∏–π –ø—Å–∏—Ö–æ–ª–æ–≥, —ç–∫–∑–∏—Å—Ç–µ–Ω—Ü–∏–∞–ª—å–Ω—ã–π –ø—Å–∏—Ö–æ—Ç–µ—Ä–∞–ø–µ–≤—Ç"" social_id=""135334"" prop=""additional""]

[hl isbuble=""true""]
<h3>–ü–æ—á–µ–º—É –Ω–∞–º –Ω–∞–¥–æ–µ–¥–∞–µ—Ç –∫–æ–º—Ñ–æ—Ä—Ç</h3>

<p>–ò–Ω–æ–≥–¥–∞ –º—ã –ø—Ä–∏–≤—ã–∫–∞–µ–º –∫ –Ω–∞–∫–∞—Ç–∞–Ω–Ω—ã–º —Ä–µ–ª—å—Å–∞–º –∂–∏–∑–Ω–∏, –∏ –∫–∞–∂–µ—Ç—Å—è, —á—Ç–æ —Ç–æ–ª—å–∫–æ —Ç–∞–∫&nbsp;–∏ –º–æ–∂–µ—Ç –±—ã—Ç—å. –ù–æ –ø–æ—Ä–æ–π –ø—Ä–µ—Å–ª–æ–≤—É—Ç–∞—è –∑–æ–Ω–∞ –∫–æ–º—Ñ–æ—Ä—Ç–∞ —É—Ç—Ä–∞—á–∏–≤–∞–µ—Ç —Å–≤–æ—é –ø—Ä–∏–≤–ª–µ–∫–∞—Ç–µ–ª—å–Ω–æ—Å—Ç—å.</p>

<p>–£ –≤—Å–µ–≥–æ –µ—Å—Ç—å —Å–≤–æ–∏ –ø—Ä–∏—á–∏–Ω—ã: –∫ –Ω—ã–Ω–µ—à–Ω–µ–º—É —Å–æ—Å—Ç–æ—è–Ω–∏—é –≤–∞—Å –ø—Ä–∏–≤–µ–ª–∞ —á–µ—Ä–µ–¥–∞ —Å–æ–±—ã—Ç–∏–π –∏ –ø—Ä–∏–Ω—è—Ç—ã—Ö —Ä–µ—à–µ–Ω–∏–π, —Å–¥–µ–ª–∞–Ω–Ω—ã—Ö –≤—ã–±–æ—Ä–æ–≤. –ê –∑–Ω–∞—á–∏—Ç, —á—Ç–æ–±—ã –∂–∏—Ç—å –∏–Ω–∞—á–µ, –Ω—É–∂–Ω–æ [nobr]—á—Ç–æ-—Ç–æ[/nobr] –∏–∑–º–µ–Ω–∏—Ç—å. –ù–µ –¥–ª—è&nbsp;—Ç–æ–≥–æ, —á—Ç–æ–±—ã –≤–¥—Ä—É–≥ –¥–æ—Å—Ç–∏—á—å —É—Å–ø–µ—Ö–∞ –≤ –∫–∞—Ä—å–µ—Ä–µ, –∞ —á—Ç–æ–±—ã –æ–∂–∏–¥–∞–Ω–∏—è —Å–æ–≤–ø–∞–ª–∏ —Å —Ä–µ–∞–ª—å–Ω–æ—Å—Ç—å—é.</p>

<p>–û—â—É—â–µ–Ω–∏–µ –∂–∏–∑–Ω–µ–Ω–Ω–æ–≥–æ —Ç—É–ø–∏–∫–∞, –∞–ø–∞—Ç–∏—è –∏ –≥—Ä—É—Å—Ç—å, –æ–¥–∏–Ω–æ—á–µ—Å—Ç–≤–æ ‚Äî –≤—Å–µ —ç—Ç–æ –Ω–∞–ø–æ–º–∏–Ω–∞–µ—Ç –∫—Ä–∏–∑–∏—Å. –í —ç—Ç–æ –≤—Ä–µ–º—è —á–µ–ª–æ–≤–µ–∫ –º–æ–∂–µ—Ç –∑–∞–Ω—è—Ç—å—Å—è –ø–µ—Ä–µ–æ—Ü–µ–Ω–∫–æ–π –ø—Ä–µ–∂–Ω–µ–≥–æ –æ–ø—ã—Ç–∞ –∏ –¥–∞–∂–µ –æ–±–µ—Å—Ü–µ–Ω–∏—Ç—å —Ç–æ, —á—Ç–æ —É–¥–∞–ª–æ—Å—å –¥–æ—Å—Ç–∏–≥–Ω—É—Ç—å. –ï–≥–æ –Ω–∞—á–∏–Ω–∞—é—Ç –ø–æ—Å–µ—â–∞—Ç—å —Ç—Ä–µ–≤–æ–≥–∏ –∏ —Å—Ç—Ä–∞—Ö–∏ —ç–∫–∑–∏—Å—Ç–µ–Ω—Ü–∏–∞–ª—å–Ω–æ–≥–æ —Ç–æ–ª–∫–∞, –≤–æ–ø—Ä–æ—Å—ã ¬´–î–ª—è&nbsp;—á–µ–≥–æ —è –∂–∏–≤—É? <span>–ú–æ–≥—É&nbsp;–ª–∏</span> —è –±—ã—Ç—å –≤ —ç—Ç–æ–º –º–∏—Ä–µ? <span>–ù—Ä–∞–≤–∏—Ç—Å—è&nbsp;–ª–∏</span> –º–Ω–µ –∂–∏–∑–Ω—å –≤–æ–æ–±—â–µ?¬ª.</p>

<p>–í –∏–¥–µ–∞–ª–µ –ª–∏—á–Ω–æ—Å—Ç—å –≤—ã—Ö–æ–¥–∏—Ç –∏–∑ –∫—Ä–∏–∑–∏—Å–∞ —Å –æ—Ç–≤–µ—Ç–∞–º–∏ –Ω–∞ –≤–æ–ø—Ä–æ—Å—ã, –ø–æ–Ω–∏–º–∞—è, –∫–∞–∫ –∂–∏—Ç—å –¥–∞–ª—å—à–µ. –ü—Ä–∏&nbsp;—ç—Ç–æ–º —ç–Ω–µ—Ä–≥–∏–∏ —Å—Ç–∞–Ω–æ–≤–∏—Ç—Å—è —Å—Ç–æ–ª—å–∫–æ, —Å–∫–æ–ª—å–∫–æ –Ω–µ–æ–±—Ö–æ–¥–∏–º–æ, —á—Ç–æ–±—ã —Å–æ–≤–µ—Ä—à–∏—Ç—å —Ä—ã–≤–æ–∫ –≤–ø–µ—Ä–µ–¥.</p>

[aside ref=""existential-crisis""/]

<h3>–ß—Ç–æ –¥–µ–ª–∞—Ç—å, –µ—Å–ª–∏ –Ω–∏—á–µ–≥–æ –Ω–µ —Ä–∞–¥—É–µ—Ç</h3>

<p>–í–∞–∂–Ω–æ –æ—Å–æ–∑–Ω–∞—Ç—å, —á—Ç–æ –æ—â—É—â–µ–Ω–∏–µ —Ç—É–ø–∏–∫–∞ ‚Äî —ç—Ç–æ –Ω–µ —Å—Ç—Ä–∞—à–Ω–æ, –∏ [nobr]–∫–∞–∫–æ–µ-—Ç–æ[/nobr] –≤—Ä–µ–º—è –ø—Ä–æ—Å—Ç–æ –ø–æ–∂–∏—Ç—å —Å —ç—Ç–∏–º —á—É–≤—Å—Ç–≤–æ–º. –ú—ã –Ω–µ –æ–±—è–∑–∞–Ω—ã –ø—Ä–µ–±—ã–≤–∞—Ç—å –≤ –∏–ª–ª—é–∑–∏–∏ –≤–µ—á–Ω–æ–≥–æ —Ñ–µ–π–µ—Ä–≤–µ—Ä–∫–∞, –¥–∞–∂–µ –µ—Å–ª–∏ —Å–æ—Ü—Å–µ—Ç–∏ –ø–æ—Å—Ç–æ—è–Ω–Ω–æ –ø—Ä–∏–∑—ã–≤–∞—é—Ç –∫ —ç—Ç–æ–º—É. –í –∂–∏–∑–Ω–∏ –µ—Å—Ç—å –º–µ—Å—Ç–æ –∫—Ä–∏–∑–∏—Å–∞–º. –ù–æ –æ–Ω–∏ —Å–ª—É–∂–∞—Ç —Å–≤–æ–µ–æ–±—Ä–∞–∑–Ω—ã–º –∑–Ω–∞–∫–æ–º, —á—Ç–æ–±—ã –ø—Ä–∏—Ç–æ—Ä–º–æ–∑–∏—Ç—å, –ø—Ä–∏—Å–ª—É—à–∞—Ç—å—Å—è –∫ —Å–µ–±–µ –∏ –ø–æ–∏—Å–∫–∞—Ç—å, —á—Ç–æ –Ω–µ–æ–±—Ö–æ–¥–∏–º–æ –Ω–∞–º –≤ —ç—Ç–æ—Ç –º–æ–º–µ–Ω—Ç.</p>

<p><strong>–î–∏—Å—Ç–∞–Ω—Ü–∏—Ä—É–π—Ç–µ—Å—å –æ—Ç —Å–≤–æ–µ–≥–æ ¬´—è¬ª.</strong> –ß—Ç–æ–±—ã –Ω–∞—â—É–ø–∞—Ç—å —Ç–æ, —Å —á–µ–º –∏–º–µ–Ω–Ω–æ –≤—ã —Å—Ç–æ–ª–∫–Ω—É–ª–∏—Å—å, –ø–æ–ø—Ä–æ–±—É–π—Ç–µ –ø–æ–¥–Ω—è—Ç—å—Å—è –Ω–∞–¥&nbsp;—Å–∏—Ç—É–∞—Ü–∏–µ–π –∏ –ø–æ—Å–º–æ—Ç—Ä–µ—Ç—å –Ω–∞ —Å–≤–æ—é –∂–∏–∑–Ω—å –æ–±—ä–µ–∫—Ç–∏–≤–Ω–æ, –Ω–∞—Å–∫–æ–ª—å–∫–æ —ç—Ç–æ –≤–æ–∑–º–æ–∂–Ω–æ. –û—Ç–æ–π—Ç–∏ –Ω–∞ —à–∞–≥ –æ—Ç —Å–æ–±—Å—Ç–≤–µ–Ω–Ω—ã—Ö —ç–º–æ—Ü–∏–π. –≠—Ç–æ –ø–æ–º–æ–∂–µ—Ç —É–≤–∏–¥–µ—Ç—å, —á—Ç–æ –≤–∞–º [nobr]–ø–æ-–Ω–∞—Å—Ç–æ—è—â–µ–º—É[/nobr] –Ω–µ –±–ª–∏–∑–∫–æ –≤ –≤–∞—à–µ–π –∂–∏–∑–Ω–∏, —Ä–∞–∑–≥–ª—è–¥–µ—Ç—å –æ–±–ª–∞—Å—Ç–∏, –≥–¥–µ –ø–æ—Ä–∞ –Ω–∞–≤–µ—Å—Ç–∏ –ø–æ—Ä—è–¥–æ–∫.</p>

<p><strong>–ü–æ–∑–≤–æ–ª—å—Ç–µ —Å–µ–±–µ –∑–∞–º–µ–¥–ª–∏—Ç—å—Å—è.</strong> –ü—Ä–æ—Å—Ç–æ –ø–æ–ª–µ–∂–∞—Ç—å, –æ—Ç–æ—Å–ø–∞—Ç—å—Å—è, –ø–æ–≥—Ä—É—Å—Ç–∏—Ç—å ‚Äî —Å—Ç–æ–ª–∫–Ω—É—Ç—å—Å—è —Å —ç—Ç–∏–º–∏ —Ç—è–Ω—É—â–∏–º–∏ –æ—â—É—â–µ–Ω–∏—è–º–∏. [nobr]–ö–∞–∫–æ–µ-—Ç–æ[/nobr] –≤—Ä–µ–º—è –Ω–∏—á–µ–≥–æ –Ω–µ –¥–µ–ª–∞—Ç—å. –í—ã–π—Ç–∏ –∏–∑ –≥–æ–Ω–∫–∏. –≠—Ç–æ –Ω–µ–ø–ª–æ—Ö–æ. –ú–∏—Ä [nobr]—á—Ç–æ-—Ç–æ[/nobr] —Ö–æ—á–µ—Ç –≤–∞–º —Å–∫–∞–∑–∞—Ç—å ‚Äî –ø–æ—Å–ª—É—à–∞–π—Ç–µ, —á—Ç–æ –∏–º–µ–Ω–Ω–æ. –°—Ç–æ–ª–∫–Ω–æ–≤–µ–Ω–∏–µ —Å–æ —Å–≤–æ–∏–º ¬´—è¬ª –º–æ–∂–µ—Ç –≤—ã–≥–ª—è–¥–µ—Ç—å –ø—É–≥–∞—é—â–µ. –ù–æ –≤ —ç—Ç–æ—Ç –º–æ–º–µ–Ω—Ç –≤—ã –∫–∞–∫ —Ä–∞–∑ –∏ –º–æ–∂–µ—Ç–µ –ø–æ–º–æ—á—å —Å–µ–±–µ.</p>

[aside ref=""short/do-nothing/""]

<p><strong>–°–æ—Å—Ç–∞–≤—å—Ç–µ —Å–ø–∏—Å–æ–∫.</strong> –ï—Å–ª–∏ –≥–æ–≤–æ—Ä–∏—Ç—å –æ –¥–≤–∏–∂–µ–Ω–∏–∏ –≤ —Å—Ç–æ—Ä–æ–Ω—É –ø—Ä–æ—Ñ–µ—Å—Å–∏–æ–Ω–∞–ª—å–Ω–æ–≥–æ —Ä–æ—Å—Ç–∞ –∏ –∫–∞—Ä—å–µ—Ä—ã, –≤–∞–º –ø–æ–º–æ–∂–µ—Ç –ø–µ—Ä–µ—á–µ–Ω—å –¥–æ—Å—Ç–∏–∂–µ–Ω–∏–π. –ò–ª–∏, –µ—Å–ª–∏ –≤—ã —Ä–∞—Å—Å–º–∞—Ç—Ä–∏–≤–∞–µ—Ç–µ –≤–æ–∑–º–æ–∂–Ω–æ—Å—Ç–∏ –¥–æ–ø–æ–ª–Ω–∏—Ç–µ–ª—å–Ω–æ–≥–æ –∑–∞—Ä–∞–±–æ—Ç–∫–∞, ‚Äî –≤—Å–µ–≥–æ, –∑–∞ —á—Ç–æ –≤–∞–º [nobr]–∫–æ–≥–¥–∞-–ª–∏–±–æ[/nobr] –ø–ª–∞—Ç–∏–ª–∏. –¢—É—Ç –∫—Ä–æ–µ—Ç—Å—è –≤–∞—à–∞ –ø–æ—Ç–µ–Ω—Ü–∏–∞–ª—å–Ω–∞—è —Å—Ñ–µ—Ä–∞ –¥–µ—è—Ç–µ–ª—å–Ω–æ—Å—Ç–∏. </p>

<p>–í—ã–±—Ä–∞—Ç—å –∏–∑ —Å–ø–∏—Å–∫–∞ –∏ –ø—Ä–æ–¥–æ–ª–∂–∞—Ç—å —Ä–∞–∑–≤–∏–≤–∞—Ç—å —Ç–æ, –≤ —á–µ–º —É –≤–∞—Å —É–∂–µ –µ—Å—Ç—å –æ–ø—ã—Ç, –Ω–∞–º–Ω–æ–≥–æ –ª–µ–≥—á–µ, —á–µ–º —Ä–∞–∑–≤–∏–≤–∞—Ç—å [nobr]—á—Ç–æ-—Ç–æ[/nobr] —Å –Ω—É–ª—è. –ï—Å–ª–∏ —Å–ø–∏—Å–∫–∏ –Ω–µ –¥–ª—è&nbsp;–≤–∞—Å, –ø–æ—Ç–æ–º—É&nbsp;—á—Ç–æ, –Ω–∞–ø—Ä–∏–º–µ—Ä, —Å—Ç–æ–ª—å–∫–æ –≤—Å–µ–≥–æ –±—ã–ª–æ, —á—Ç–æ –≤—Å–µ–≥–æ –∏ –Ω–µ —É–ø–æ–º–Ω–∏—à—å, –µ—Å—Ç—å –¥—Ä—É–≥–æ–π –º–µ—Ç–æ–¥.</p>

[aside ref=""hate-work""/]

<p><strong>–ü–æ–ø—Ä–æ–±—É–π—Ç–µ —Ç–µ—Ö–Ω–∏–∫—É —Ç–µ—Ä–∞–ø–µ–≤—Ç–∏—á–µ—Å–∫–æ–π —Ñ–æ—Ç–æ–≥—Ä–∞—Ñ–∏–∏.</strong> –ü—Ä–æ—Å–º–æ—Ç—Ä–∏—Ç–µ —Ñ–æ—Ç–æ–≥—Ä–∞—Ñ–∏–∏ —Å –¥–µ—Ç—Å–∫–æ–≥–æ –≤–æ–∑—Ä–∞—Å—Ç–∞ –∏ –¥–æ –Ω–∞—Å—Ç–æ—è—â–µ–≥–æ –º–æ–º–µ–Ω—Ç–∞. –û–±—ã—á–Ω–æ, –∑–∞–Ω–∏–º–∞—è—Å—å —ç—Ç–∏–º, –º—ã –ø–æ–≥—Ä—É–∂–∞–µ–º—Å—è –≤ –ø—Ä–µ–∂–Ω–∏–π –∫–æ–Ω—Ç–µ–∫—Å—Ç –∏ –≤—Å–ø–æ–º–∏–Ω–∞–µ–º –≤—Å–µ, —á—Ç–æ –Ω–∞—Å –æ–∫—Ä—É–∂–∞–ª–æ —Ä–∞–Ω—å—à–µ. –í —Ç–æ–º —á–∏—Å–ª–µ –Ω–∞—à–∏ —Ö–æ–±–±–∏, —É–≤–ª–µ—á–µ–Ω–∏—è, –∏–Ω—Ç–µ—Ä–µ—Å—ã –≤ —Ä–∞–∑–Ω—ã–µ –≤–æ–∑—Ä–∞—Å—Ç–Ω—ã–µ –ø–µ—Ä–∏–æ–¥—ã. –ï—Å–ª–∏ –æ—Å–≤–µ–∂–∏—Ç—å —Ç–∞–∫–∏–µ –∑–Ω–∞–Ω–∏—è –æ —Å–µ–±–µ, —ç—Ç–æ –º–æ–∂–µ—Ç –ø—Ä–∏–¥–∞—Ç—å —Å–∏–ª –∏ –ø–æ–º–æ—á—å –∑–∞–Ω–æ–≤–æ –ø—Ä–æ—á—É–≤—Å—Ç–≤–æ–≤–∞—Ç—å –≤–µ—Å—å –ø—Ä–æ–¥–µ–ª–∞–Ω–Ω—ã–π –ø—É—Ç—å.</p>

<p><strong>–ü—Ä–∏—Å–ª—É—à–∞–π—Ç–µ—Å—å –∫ —Å–≤–æ–∏–º —ç–º–æ—Ü–∏—è–º.</strong> –ö–∞–∫–∏—Ö –Ω–µ —Ö–≤–∞—Ç–∞–µ—Ç? –ü–æ–¥—É–º–∞–π—Ç–µ, –≥–¥–µ –∏ –∫–∞–∫ –∏—Ö –¥–æ–±—ã—Ç—å —Å–µ–±–µ? –û—Å–æ–∑–Ω–∞–π—Ç–µ –∏ –ø—Ä–∏–∑–Ω–∞–π—Ç–µ —Å–≤–æ–∏ –ø–æ—Ç—Ä–µ–±–Ω–æ—Å—Ç–∏: –≤ –æ–±—â–µ–Ω–∏–∏, –≤ –µ–¥–∏–Ω–µ–Ω–∏–∏ —Å –¥—Ä—É–≥–∏–º–∏, –∞ –º–æ–∂–µ—Ç –±—ã—Ç—å, –≤ –∑–∞–º—É–∂–µ—Å—Ç–≤–µ, —Ä–∞–∑ –≤—ã –æ–± —ç—Ç–æ–º —É–ø–æ–º—è–Ω—É–ª–∏ –≤ –ø–∏—Å—å–º–µ. </p>

<p>–ï—Å–ª–∏ —ç—Ç–∏ –ø–æ—Ç—Ä–µ–±–Ω–æ—Å—Ç–∏ –µ—Å—Ç—å, —Å–º–µ–ª–æ –º–æ–∂–Ω–æ —Å—Ç—Ä–µ–º–∏—Ç—å—Å—è —Ç—É–¥–∞, –≥–¥–µ –µ—Å—Ç—å —à–∞–Ω—Å –ø–æ–∑–Ω–∞–∫–æ–º–∏—Ç—å—Å—è —Å –Ω–æ–≤—ã–º–∏ –ª—é–¥—å–º–∏. –ë–µ–∑&nbsp;–ª–∏—à–Ω–∏—Ö –æ–∂–∏–¥–∞–Ω–∏–π. –î–ª—è&nbsp;—É–¥–æ–≤–æ–ª—å—Å—Ç–≤–∏—è –æ—Ç –æ–±–º–µ–Ω–∞ —ç–Ω–µ—Ä–≥–∏–µ–π –∏ –æ–ø—ã—Ç–æ–º, –¥–ª—è&nbsp;–≤–ø–µ—á–∞—Ç–ª–µ–Ω–∏–π. –õ—é–¥–∏ ‚Äî –≤–æ—Ç —á—Ç–æ –ø–æ–º–æ–≥–∞–µ—Ç –Ω–µ —á—É–≤—Å—Ç–≤–æ–≤–∞—Ç—å —Å–µ–±—è –≤ –∏–∑–æ–ª—è—Ü–∏–∏.</p>

[aside ref=""psy-accept-aggression""/]

<p><strong>–í–æ–æ–±—Ä–∞–∑–∏—Ç–µ —è—Ä–∫—É—é –∂–∏–∑–Ω—å.</strong> –ß—Ç–æ –ø–æ–º–æ–∂–µ—Ç –≤–∞–º –∂–∏—Ç—å —Ç–∞–∫, –∫–∞–∫ –≤—ã —ç—Ç–æ –≤–∏–¥–∏—Ç–µ –≤ –º–µ—á—Ç–∞—Ö? –í–æ–æ–±—Ä–∞–∂–µ–Ω–∏–µ –ø–æ–º–æ–≥–∞–µ—Ç –æ—Ç–æ–¥–≤–∏–Ω—É—Ç—å –≥—Ä–∞–Ω–∏—Ü—ã –Ω—ã–Ω–µ—à–Ω–µ–π –∑–æ–Ω—ã –∫–æ–º—Ñ–æ—Ä—Ç–∞, –≤—ã–π—Ç–∏ –∑–∞ –ø—Ä–µ–¥–µ–ª—ã —Ç–æ–≥–æ, —á—Ç–æ –¥–æ—Å—Ç—É–ø–Ω–æ –≤–∞–º —Å–µ–π—á–∞—Å. –í —Ä–µ–∑—É–ª—å—Ç–∞—Ç–µ –≤—ã –æ–±—Ä–µ—Ç–∞–µ—Ç–µ –≤–¥–æ—Ö–Ω–æ–≤–µ–Ω–∏–µ. –ú–æ–∂–Ω–æ –≤ –¥–µ—Ç–∞–ª—è—Ö –ø—Ä–µ–¥—Å—Ç–∞–≤–∏—Ç—å —Å–≤–æ–π –∏–¥–µ–∞–ª—å–Ω—ã–π –¥–µ–Ω—å ‚Äî –ø—Ä–æ—Ç–∏–≤–æ–ø–æ–ª–æ–∂–Ω–æ—Å—Ç—å –≤–∞—à–µ–π —Ä—É—Ç–∏–Ω–µ. –ò –≤–∞–º –æ—Å—Ç–∞–Ω–µ—Ç—Å—è —Ç–æ–ª—å–∫–æ –≤–æ–ø–ª–æ—Ç–∏—Ç—å —ç—Ç–æ –≤ –∂–∏–∑–Ω—å.</p>

<p><strong>–°—Ä–µ–∂–∏—Å—Å–∏—Ä—É–π—Ç–µ —Ñ–∏–ª—å–º —Å —Å–æ–±–æ–π –≤ –≥–ª–∞–≤–Ω–æ–π —Ä–æ–ª–∏.</strong> –ü–æ—Ç—Ä–µ–±—É–µ—Ç—Å—è –≤–æ–æ–±—Ä–∞–∂–µ–Ω–∏–µ –∏ –ø—Ä–∏–Ω—è—Ç–∏–µ –æ—Ç–≤–µ—Ç—Å—Ç–≤–µ–Ω–Ω–æ—Å—Ç–∏ –∑–∞ —Ç–æ, –∫–∞–∫ –≤—ã–≥–ª—è–¥–∏—Ç –≤–∞—à–∞ –∂–∏–∑–Ω—å —Å–µ–π—á–∞—Å. –¢–≤–æ—Ä—á–µ—Å—Ç–≤–æ —Å–ø–∞—Å–∞–µ—Ç –æ—Ç —Å–∫—É–∫–∏ –¥–∞–∂–µ –≤ —Å–∞–º—ã–µ —Å–µ—Ä—ã–µ –¥–Ω–∏. –ü—Ä–µ–¥—Å—Ç–∞–≤—å—Ç–µ –≥–ª–∞–≤–Ω—É—é –≥–µ—Ä–æ–∏–Ω—é –≤–∞—à–µ–≥–æ —Ñ–∏–ª—å–º–∞. –ö–∞–∫–æ–π –ø–æ–≤–æ—Ä–æ—Ç–Ω—ã–π –º–æ–º–µ–Ω—Ç –¥–æ–ª–∂–µ–Ω –ø—Ä–æ–∏–∑–æ–π—Ç–∏, –∫–∞–∫–æ–µ —Ä–µ—à–µ–Ω–∏–µ –æ–Ω–∞ –ø—Ä–∏–º–µ—Ç, —á—Ç–æ–±—ã —Ä–∞—Å–∫—Ä–∞—Å–∏—Ç—å –∂–∏–∑–Ω—å? –í–æ–∑—å–º–∏—Ç–µ –Ω–∞ —Å–µ–±—è —Å–º–µ–ª–æ—Å—Ç—å —Ä–µ–∞–ª–∏–∑–æ–≤–∞—Ç—å —ç—Ç–æ—Ç –ø–æ–≤–æ—Ä–æ—Ç.</p>

<p><strong>–ó–∞–ø–ª–∞–Ω–∏—Ä—É–π—Ç–µ –ø—É—Ç–µ—à–µ—Å—Ç–≤–∏–µ, —á—Ç–æ–±—ã –æ–±—Ä–µ—Å—Ç–∏ –º–æ—Ç–∏–≤–∞—Ü–∏—é.</strong> –î–∞, –ø–µ—Ä–µ–ª–µ—Ç—ã —Å—Ç–∞–ª–∏ —Å–ª–æ–∂–Ω–µ–µ, –∞ –ø—É—Ç–µ—à–µ—Å—Ç–≤–∏—è –¥–æ—Ä–æ–∂–µ, –Ω–æ –æ–Ω–∏ –µ—â–µ –≤–æ–∑–º–æ–∂–Ω—ã. –ù–µ –≤–∞–∂–Ω–æ, –µ—Å–ª–∏ –≤—ã –Ω–∞–º–µ—Ç–∏—Ç–µ –ø–æ–µ–∑–¥–∫—É –Ω–∞ —Å–ª–µ–¥—É—é—â–∏–π –≥–æ–¥, –∞ –Ω–µ –Ω–∞ —Å–ª–µ–¥—É—é—â–∏–π –º–µ—Å—è—Ü. –í–∞—à —Ñ–æ–∫—É—Å –≤–Ω–∏–º–∞–Ω–∏—è –±—É–¥–µ—Ç –Ω–∞ –ø—Ä–µ–¥—Å—Ç–æ—è—â–µ–º —Å–æ–±—ã—Ç–∏–∏, –∏ –Ω–∞—Å—Ç—Ä–æ–µ–Ω–∏–µ –ø–æ–¥–Ω–∏–º–µ—Ç—Å—è. –î–∞–∂–µ –æ–∑–Ω–∞–∫–æ–º–∏—Ç–µ–ª—å–Ω–∞—è –ø—Ä–æ–≥—É–ª–∫–∞ –ø–æ Google Earth —Å–ø–æ—Å–æ–±–Ω–∞ –¥–æ—Å—Ç–∞–≤–∏—Ç—å –±–µ—Å–ø–ª–∞—Ç–Ω–æ–µ —É–¥–æ–≤–æ–ª—å—Å—Ç–≤–∏–µ –æ—Ç –ø—Ä–µ–¥–≤–∫—É—à–µ–Ω–∏—è.</p>
[/hl]


<!--<h2>–ü—Ä–æ–±–ª–µ–º–∞</h2>-->

<!--<p>–¢–∞–∫ –ø–æ–ª—É—á–∏–ª–æ—Å—å, —á—Ç–æ —è –ø–æ—Å—Ç–æ—è–Ω–Ω–æ —Ä–∞–±–æ—Ç–∞–ª–∞ —Å –∫–ª–∏–µ–Ω—Ç–∞–º–∏ –≤ —Å–æ–ø—Ä–æ–≤–æ–∂–¥–µ–Ω–∏–∏, –ø—Ä–æ–¥–∞–∂–∏, –æ–∫–æ–ª–æ 15 –ª–µ—Ç, –≤ —Ä–∞–∑–Ω—ã—Ö —Å—Ñ–µ—Ä–∞—Ö, –ø—Ä–æ–¥–≤–∏–Ω—É—Ç—å—Å—è –ø–æ –∫–∞—Ä—å–µ—Ä–µ –Ω–µ —É–¥–∞–≤–∞–ª–æ—Å—å, —Å–µ–π—á–∞—Å —É–∂–µ –Ω–µ—Å–∫–æ–ª—å–∫–æ –ª–µ—Ç –∏ –∑–∞—Ä–ø–ª–∞—Ç–∞ –Ω–µ —Ä–∞—Å—Ç–µ—Ç, —Å —É—á—ë—Ç–æ–º –∏–Ω—Ñ–ª—è—Ü–∏–∏ —Ç–∞–∫–æ–µ —Å–µ–±–µ.. </p>-->

<!--<p>–°–µ–π—á–∞—Å —Ä–∞–±–æ—Ç–∞ —É–∂–µ –¥–∞–≤–Ω–æ –Ω–µ —Ä–∞–¥—É–µ—Ç, –ø—ã—Ç–∞–ª–∞—Å—å –µ–µ –ø–æ–º–µ–Ω—è—Ç—å, –ø—Ä–µ–¥–ª–∞–≥–∞–ª–∏ –ª–∏–±–æ –µ—â—ë –º–µ–Ω—å—à–∏–π –¥–æ—Ö–æ–¥, —è –∫ –Ω–µ–º—É –Ω–µ –≥–æ—Ç–æ–≤–∞ —Å–µ–π—á–∞—Å, –ª–∏–±–æ –æ–ø—è—Ç—å –ø–ª—é—Å –º–∏–Ω—É—Å —Ç–µ –∂–µ –æ–±—è–∑–∞–Ω–Ω–æ—Å—Ç–∏. </p>-->

<!--<p>–ú—É–∂–∞ —É –º–µ–Ω—è –Ω–µ—Ç. –î—Ä—É–∑–µ–π –≤ –º–æ–µ–º –≥–æ—Ä–æ–¥–µ –Ω–µ –æ—Å—Ç–∞–ª–æ—Å—å, –ª–∏–±–æ –ø–µ—Ä–µ–µ—Ö–∞–ª–∏, –ª–∏–±–æ –Ω–µ –æ—Å—Ç–∞–ª–æ—Å—å –æ–±—â–∏—Ö –∏–Ω—Ç–µ—Ä–µ—Å–æ–≤. –≠—Ç–æ –º–µ–Ω—è –æ—á–µ–Ω—å —Ä–∞—Å—Å—Ç—Ä–∞–∏–≤–∞–µ—Ç.</p>-->

<!--<p>–†–∞–Ω—å—à–µ –±—ã–ª–∏ –¥–æ—Å—Ç—É–ø–Ω—ã–º–∏ –ø—É—Ç–µ–≤–∫–∏ –∑–∞–≥—Ä–∞–Ω–∏—Ü—É, —ç—Ç–æ –º–µ–Ω—è –ø–æ –∂–∏–∑–Ω–∏ –º–æ—Ç–∏–≤–∏—Ä–æ–≤–∞–ª–æ. –Ø –∂–¥–∞–ª–∞ –æ—Ç–ø—É—Å–∫. –ë—ã–ª–∞ –≤ –ø—Ä–µ–¥–≤–∫—É—à–µ–Ω–∏–∏. –°–µ–π—á–∞—Å –≤—Å–µ –≤–∑–¥–æ—Ä–æ–∂–∞–ª–æ. –ü–æ –†–æ—Å—Å–∏–∏ –∑–∏–º–æ–π –Ω–µ –ª—É—á—à–µ–µ –≤—Ä–µ–º—è –ø—É—Ç–µ—à–µ—Å—Ç–≤–æ–≤–∞—Ç—å.</p>-->

<!--<h2>–ß—Ç–æ —è –ø—ã—Ç–∞—é—Å—å —Å —ç—Ç–∏–º –¥–µ–ª–∞—Ç—å</h2>-->

<!--<p>–ó–∞–ø–∏—Å–∞–ª–∞—Å—å –Ω–∞ —Ç–∞–Ω—Ü—ã, —Ö–æ–∂—É. –ò–Ω–æ–≥–¥–∞ –≤—ã–±–∏—Ä–∞—é—Å—å –Ω–∞ –∫–æ–Ω—Ü–µ—Ä—Ç—ã, –Ω–æ —Ç–∞–º —á—É–≤—Å—Ç–≤—É—é –æ–¥–∏–Ω–æ—á–µ—Å—Ç–≤–æ, –≤—Å–µ —Å –¥—Ä—É–∑—å—è–º–∏, –∞ —è –æ–¥–Ω–∞. –ü–æ—ç—Ç–æ–º—É –ø–æ–ª–Ω–∞—è –∞–ø–∞—Ç–∏—è, –≤—ã–≥–æ—Ä–∞–Ω–∏–µ...</p>-->

<!--<p>–ó–∏–º—É, —Å–ª—è–∫–æ—Ç—å –Ω–µ –ª—é–±–ª—é. –•–æ–ª–æ–¥ —Ç–æ–∂–µ –Ω–µ –º–æ–µ. –ü–æ–Ω–∏–º–∞—é, —á—Ç–æ –¥–≤–∏–≥–∞—é—Å—å –Ω–µ –≤ —Ç–æ–º –Ω–∞–ø—Ä–∞–≤–ª–µ–Ω–∏–∏, –∞ –∫—É–¥–∞ –¥–≤–∏–≥–∞—Ç—å—Å—è, –Ω–µ –∑–Ω–∞—é. –ü–æ–ª–Ω–∞—è –∞–ø–∞—Ç–∏—è –∏ –≤—ã–≥–æ—Ä–∞–Ω–∏–µ-->
<!--</p>-->";;published;False;2024-04-03 11:24:41.055301+00;2024-04-03 11:24:42.869572+00;;22865;;;{};True;[];–ú–Ω–µ 35, –≤—Å—é –∂–∏–∑–Ω—å —è¬†—Ä–∞–±–æ—Ç–∞–ª–∞ —Å–ø–µ—Ü–∏–∞–ª–∏—Å—Ç–æ–º –ø–æ¬†—Å–æ–ø—Ä–æ–≤–æ–∂–¥–µ–Ω–∏—é –∫–ª–∏–µ–Ω—Ç–æ–≤. –ó–∞–Ω–∏–º–∞–ª–∞—Å—å –ø—Ä–æ–¥–∞–∂–∞–º–∏ –≤¬†—Ä–∞–∑–Ω—ã—Ö —Å—Ñ–µ—Ä–∞—Ö –æ–∫–æ–ª–æ 15¬†–ª–µ—Ç. –ü—Ä–æ–¥–≤–∏–Ω—É—Ç—å—Å—è –ø–æ¬†–∫–∞—Ä—å–µ—Ä–µ –Ω–µ¬†—É–¥–∞–≤–∞–ª–æ—Å—å. –°–µ–π—á–∞—Å —É–∂–µ –Ω–µ—Å–∫–æ–ª—å–∫–æ –ª–µ—Ç –∑–∞—Ä–ø–ª–∞—Ç–∞ –Ω–µ¬†—Ä–∞—Å—Ç–µ—Ç¬†‚Äî —Å¬†—É—á–µ—Ç–æ–º –∏–Ω—Ñ–ª—è—Ü–∏–∏ —Ç–∞–∫ —Å–µ–±–µ. –†–∞–±–æ—Ç–∞ –¥–∞–≤–Ω–æ –Ω–µ¬†—Ä–∞;"{""title"": ""–ö–∞–∫ —Å–¥–µ–ª–∞—Ç—å –∂–∏–∑–Ω—å —è—Ä—á–µ"", ""seo_faq"": """", ""og_image"": ""therapist-poteriala-interes-k-zhizni-fb.iicgfnujtvho..jpg"", ""og_title"": ""–ö–∞–∫ —Å–¥–µ–ª–∞—Ç—å –∂–∏–∑–Ω—å —è—Ä—á–µ"", ""vk_image"": ""therapist-poteriala-interes-k-zhizni-vk.glfog1mhipsp..jpg"", ""zen_image"": ""therapist-poteriala-interes-k-zhizni-cover-out.ggdelhpr13yz..jpg"", ""zen_title"": """", ""seo_how_to"": """", ""description"": ""–ü—Ä–∏–∑–Ω–∞–Ω–∏—è —á–∏—Ç–∞—Ç–µ–ª—å–Ω–∏—Ü—ã –∏ –∫–æ–º–º–µ–Ω—Ç–∞—Ä–∏–π –ø—Å–∏—Ö–æ–ª–æ–≥–∞"", ""og_description"": ""–ü—Ä–∏–∑–Ω–∞–Ω–∏—è —á–∏—Ç–∞—Ç–µ–ª—å–Ω–∏—Ü—ã –∏ –∫–æ–º–º–µ–Ω—Ç–∞—Ä–∏–π –ø—Å–∏—Ö–æ–ª–æ–≥–∞"", ""seo_breadcrumb"": """", ""seo_how_to_title"": """"}";"{""card"": {""card_image"": ""placeholder3000.png"", ""card_bg_color"": """", ""card_bg_image"": ""therapist-poteriala-interes-k-zhizni-cover-out.ggdelhpr13yz..jpg"", ""card_image_type"": ""default"", ""card_image_border"": false}, ""cover_new"": {""dark"": false, ""kind"": ""baby"", ""nonretina"": false, ""over_image"": ""therapist-poteriala-interes-k-zhizni-cover-in.iokrg3euzziv..png"", ""text_color"": ""light"", ""footnote_image"": ""therapist-poteriala-interes-k-zhizni-minicover.ej6td985zj3q..jpg"", ""playback_speed"": 0.1}, ""decoration"": {""article_bg_color"": """", ""is_feature_layout"": false, ""article_link_color"": """", ""article_text_color"": """", ""article_link_hover_color"": """"}, ""is_redesign"": true}";"{""seo"": {""seo_title"": ""–ö–∞–∫ —Å–¥–µ–ª–∞—Ç—å —Å–≤–æ—é –∂–∏–∑–Ω—å –∏–Ω—Ç–µ—Ä–µ—Å–Ω–æ–π –∏ –Ω–∞—Å—ã—â–µ–Ω–Ω–æ–π"", ""seo_recipe"": {}, ""seo_breadcrumb"": """", ""seo_description"": ""–ß—Ç–æ –¥–µ–ª–∞—Ç—å, –µ—Å–ª–∏ –Ω–∞—Å—Ç—É–ø–∏–ª–∞ –ø–æ–ª–Ω–∞—è –∞–ø–∞—Ç–∏—è –∏ –≤—ã–≥–æ—Ä–∞–Ω–∏–µ. –ö–∞–∫ —Å–¥–µ–ª–∞—Ç—å —Å–≤–æ—é –∂–∏–∑–Ω—å —è—Ä—á–µ –∏ –Ω–∞—Å—ã—â–µ–Ω–Ω–µ–µ, –µ—Å–ª–∏ –±—é–¥–∂–µ—Ç –æ–≥—Ä–∞–Ω–∏—á–µ–Ω. –ß–µ–º –∑–∞–Ω—è—Ç—å—Å—è, —á—Ç–æ–±—ã –∂–∏–∑–Ω—å –∑–∞–∏–≥—Ä–∞–ª–∞ —è—Ä–∫–∏–º–∏ –∫—Ä–∞—Å–∫–∞–º–∏.""}, ""ugc"": {""lead"": ""–ú–Ω–µ 35, –≤—Å—é –∂–∏–∑–Ω—å —è —Ä–∞–±–æ—Ç–∞–ª–∞ —Å–ø–µ—Ü–∏–∞–ª–∏—Å—Ç–æ–º –ø–æ —Å–æ–ø—Ä–æ–≤–æ–∂–¥–µ–Ω–∏—é –∫–ª–∏–µ–Ω—Ç–æ–≤."", ""chief"": ""–ü–æ—Ç–∞–ø–æ–≤–∞"", ""ugc_form_answer_id"": ""764e4610-6b63-4524-aeba-bbe4c5464220""}, ""other"": {}, ""footer"": {""cast"": """", ""footer_text"": """", ""footer_is_dark"": false, ""footer_bg_color"": """", ""recommender_title"": """", ""subscribe_disabled"": false, ""footer_sharer_title"": """", ""recommender_exclude"": false}, ""comments"": {""comments_status"": ""on"", ""comments_editorial"": true, ""comments_author_text"": ""–ß—Ç–æ –ø–æ–º–æ–≥–∞–µ—Ç –≤–∞–º —Ä–∞–∑–Ω–æ–æ–±—Ä–∞–∑–∏—Ç—å —Ä—É—Ç–∏–Ω—É?""}, ""shortened"": {""badge_text"": """", ""short_title"": """", ""short_subtitle"": """"}, ""visibility"": {""is_unindexed"": false, ""ugc_is_featured"": true, ""is_hidden_from_app"": false, ""is_hidden_from_search"": false, ""is_hidden_from_tj_app"": false, ""is_hidden_from_main_page"": false, ""is_hidden_from_yandex_turbo"": false}, ""content_authors"": [{""img"": """", ""desc"": ""–±–æ—Ä–µ—Ç—Å—è —Å –∞–ø–∞—Ç–∏–µ–π"", ""social_id"": 2647775}, {""img"": ""avatar-therapist-poteriala-interes-k-zhizni-1.3bqwtqc80kj0..png"", ""desc"": ""–∫–ª–∏–Ω–∏—á–µ—Å–∫–∏–π –ø—Å–∏—Ö–æ–ª–æ–≥, —ç–∫–∑–∏—Å—Ç–µ–Ω—Ü–∏–∞–ª—å–Ω—ã–π –ø—Å–∏—Ö–æ—Ç–µ—Ä–∞–ø–µ–≤—Ç"", ""name"": ""–ï–≤–≥–µ–Ω–∏—è –õ—é—Ç–æ–≤–∞"", ""social_id"": 135334}]}";therapist-poteriala-interes-k-zhizni;therapist-poteriala-interes-k-zhizni;False;True;;False;False;False;–º–æ–∑–≥, –ø—Å–∏—Ö–æ—Ç–µ—Ä–∞–ø–∏—è;–ú–æ–∑–≥;–ú–æ–∑–≥, –ü–∏—Å—å–º–æ –ø—Å–∏—Ö–æ–ª–æ–≥—É;–î—Ä—É–≥–æ–µ;–ù–∏–∫–∞ 
3;000884c9-62d2-42a3-9c7d-fb8f89c868ac;–§–æ—Ç–æ –ø–∏—Ç–æ–º—Ü–∞: –∫–æ—Ç –ë–∞–∫—Å —Å–∏–¥–∏—Ç –≤ –∑–∞—Å–∞–¥–µ;;"[author]

[img src=""706f5a9d-img-20230928-120500-344-jpg"" caption="""" prop=""noretina column""]

<p>–ë–∞–∫—Å –≤ –∑–∞—Å–∞–¥–µ, ""–≥–¥–µ –∂–µ —ç—Ç–∏ —á—ë—Ä—Ç–æ–≤—ã –≥–æ–ª—É–±–∏?!""üòä</p>";;published;False;2024-07-01 09:49:20.822997+00;2025-02-20 14:54:48.405344+00;;0;;;{};True;[];"–ë–∞–∫—Å –≤¬†–∑–∞—Å–∞–¥–µ, ""–≥–¥–µ –∂–µ¬†—ç—Ç–∏ —á—ë—Ä—Ç–æ–≤—ã –≥–æ–ª—É–±–∏?!""üòä";"{""title"": """", ""seo_faq"": """", ""og_image"": ""show-me-your-pet-fb.f9kyomjafxcc..jpg"", ""og_title"": ""–§–æ—Ç–æ –ø–∏—Ç–æ–º—Ü–∞: –∫–æ—Ç –ë–∞–∫—Å —Å–∏–¥–∏—Ç –≤¬†–∑–∞—Å–∞–¥–µ"", ""vk_image"": ""show-me-your-pet-vk.5jjngiubpfqz..jpg"", ""zen_image"": ""community_default_share_zen.lm5h7s..jpg"", ""zen_title"": """", ""seo_how_to"": """", ""description"": """", ""og_description"": ""–ò—Å—Ç–æ—Ä–∏—è –∏–∑¬†—Å–æ–æ–±—â–µ—Å—Ç–≤–∞"", ""seo_breadcrumb"": """", ""seo_how_to_title"": """"}";"{""card"": {""card_image_type"": ""default"", ""card_image_border"": false}, ""is_redesign"": true}";"{""seo"": {""seo_title"": ""–ö–æ—Ç –ë–∞–∫—Å —Å–∏–¥–∏—Ç –≤ –∑–∞—Å–∞–¥–µ"", ""seo_recipe"": {}, ""seo_breadcrumb"": """", ""seo_description"": """"}, ""ugc"": {""department"": ""UGC"", ""ugc_submit_date"": ""2024-07-01T12:21:40.315703+03:00"", ""ugc_form_answer_id"": ""fd1feb91-559f-4866-969c-029178c2c7ed""}, ""comments"": {""comments_status"": ""on"", ""comments_editorial"": false, ""comments_author_text"": """"}, ""visibility"": {""is_unindexed"": false, ""ugc_is_featured"": false, ""is_hidden_from_app"": false, ""is_hidden_from_news"": false, ""is_hidden_from_search"": false, ""is_hidden_from_tj_app"": false, ""is_hidden_from_main_page"": false, ""is_hidden_from_yandex_turbo"": false}, ""content_authors"": []}";kot-baks-sidit-v-zasade;;False;False;;False;False;False;noads, –∫–æ—à–∫–∏;–ñ–∏–≤–æ—Ç–Ω—ã–µ;–ü–æ–∫–∞–∂–∏—Ç–µ –∑–≤–µ—Ä—è;–ú–∞—Ç–µ—Ä–∏–∞–ª—ã –∏–∑ —Å–æ–æ–±—â–µ—Å—Ç–≤–∞;Basil Snowman 
4;000b0933-bcbb-4e90-90ad-af488a819b68;–° –∫–∞–∫–æ–≥–æ –º–æ–º–µ–Ω—Ç–∞ –º—ã –≤–ª–∞–¥–µ–µ–º –∑–µ–º–µ–ª—å–Ω—ã–º —É—á–∞—Å—Ç–∫–æ–º?;;"[author]

<p>–ú—ã –ø–æ–ª—É—á–∏–ª–∏ –∑–µ–º–µ–ª—å–Ω—ã–π —É—á–∞—Å—Ç–æ–∫ –ø–æ —Å–≤–∏–¥–µ—Ç–µ–ª—å—Å—Ç–≤—É –æ –ø—Ä–∞–≤–µ –Ω–∞—Å–ª–µ–¥—Å—Ç–≤–∞ ‚Äî –ø–æ 1/2 –æ—Ç 12.05.1999. –í –∞–ø—Ä–µ–ª–µ 2000 –≥–æ–¥–∞ –±—ã–ª –ø—Ä–∏—Å–≤–æ–µ–Ω –∫–∞–¥–∞—Å—Ç—Ä–æ–≤—ã–π –Ω–æ–º–µ—Ä –∏ –ø–æ–ª—É—á–µ–Ω–æ —Å–≤–∏–¥–µ—Ç–µ–ª—å—Å—Ç–≤–æ –Ω–∞ –ø—Ä–∞–≤–æ —Å–æ–±—Å—Ç–≤–µ–Ω–Ω–æ—Å—Ç–∏ –∑–µ–º–ª–∏.</p>

<p>
–í 2023 —Ä–µ—à–∏–ª–∏ –ø—Ä–æ–¥–∞—Ç—å –∑–µ–º–µ–ª—å–Ω—ã–π —É—á–∞—Å—Ç–æ–∫. –î–ª—è —ç—Ç–æ–≥–æ –ø—Ä–∏—à–ª–æ—Å—å —Å–Ω–∏–º–∞—Ç—å —Å —É—á–µ—Ç–∞ –æ–±—ä–µ–∫—Ç –Ω–µ–¥–≤–∏–∂–∏–º–æ—Å—Ç–∏, —Ä–∞–Ω–µ–µ –Ω–µ –∑–∞—Ä–µ–≥–∏—Å—Ç—Ä–∏—Ä–æ–≤–∞–Ω–Ω–æ–≥–æ –≤ –ï–ì–†–ù. </p>

<p>
–ó–¥–∞–Ω–∏–µ, —Ä–∞–Ω–µ–µ —Ä–∞—Å–ø–æ–ª–∞–≥–∞–≤—à–µ–µ—Å—è –Ω–∞ —ç—Ç–æ–º –∑–µ–º–µ–ª—å–Ω–æ–º —É—á–∞—Å—Ç–∫–µ, (–¥–æ–º —Å–≥–æ—Ä–µ–ª), –¥–µ–ª–∞—Ç—å –º–µ–∂–µ–≤–æ–π –ø–ª–∞–Ω, —É—Ç–æ—á–Ω–µ–Ω–∏–µ –≥—Ä–∞–Ω–∏—Ü –∑–µ–º–µ–ª—å–Ω–æ–≥–æ —É—á–∞—Å—Ç–∫–∞, —Å—Ç–∞–≤–∏—Ç—å –Ω–∞ –∫–∞–¥–∞—Å—Ç—Ä–æ–≤—ã–π —É—á–µ—Ç —Å —É—á–µ—Ç–æ–º –∏–∑–º–µ–Ω–µ–Ω–∏—è —Å–≤–µ–¥–µ–Ω–∏–π –æ–± –æ–±—ä–µ–∫—Ç–µ –Ω–µ–¥–≤–∏–∂–∏–º–æ—Å—Ç–∏, –∏ —Å–¥–µ–ª–∞–ª–∏ –≥–æ—Å—Ä–µ–≥–∏—Å—Ç—Ä–∞—Ü–∏—é –ø—Ä–∞–≤ –Ω–∞ –∑–µ–º–µ–ª—å–Ω—ã–π —É—á–∞—Å—Ç–æ–∫  —á–µ–≥–æ –ø–æ—è–≤–∏–ª–∞—Å—å –∑–∞–ø–∏—Å—å –≤ –ï–ì–†–ù, —á—Ç–æ –¥–∞—Ç–∞ –≤–æ–∑–Ω–∏–∫–Ω–æ–≤–µ–Ω–∏—è –ø—Ä–∞–≤–∞ –∞–ø—Ä–µ–ª—å 2023 –≥–æ–¥–∞.</p>

<p>
–ü—Ä–∏ —ç—Ç–æ–º –≤ –≤—ã–ø–∏—Å–∫–µ –∏–∑ –ï–ì–†–ù –∑–Ω–∞—á–∏—Ç—Å—è: —Å—Ç–∞—Ç—É—Å –∑–∞–ø–∏—Å–∏ –æ–± –æ–±—ä–µ–∫—Ç–µ –Ω–µ–¥–≤–∏–∂–∏–º–æ—Å—Ç–∏: –∏–º–µ—é—Ç —Å—Ç–∞—Ç—É—Å ¬´–∞–∫—Ç—É–∞–ª—å–Ω—ã–µ, —Ä–∞–Ω–µ–µ —É—á—Ç–µ–Ω–Ω—ã–µ¬ª.</p>

<p>
–í –∏—é–Ω–µ 2023 –æ—Å—É—â–µ—Å—Ç–≤–∏–ª–∏ –ø—Ä–æ–¥–∞–∂—É –∑–µ–º–µ–ª—å–Ω–æ–≥–æ —É—á–∞—Å—Ç–∫–∞. –¢–µ–ø–µ—Ä—å –Ω–∞–ª–æ–≥–æ–≤–∞—è –ø—Ä–∏—Å—ã–ª–∞–µ—Ç —É–≤–µ–¥–æ–º–ª–µ–Ω–∏–µ –æ –Ω–µ–æ–±—Ö–æ–¥–∏–º–æ—Å—Ç–∏ –ø—Ä–µ–¥–æ—Å—Ç–∞–≤–ª–µ–Ω–∏—è –¥–µ–∫–ª–∞—Ä–∞—Ü–∏–∏ 3-–ù–î–§–õ.–í —É–≤–µ–¥–æ–º–ª–µ–Ω–∏–µ —É–∫–∞–∑–∞–Ω–æ: –¥–∞—Ç–∞ —Ä–µ–≥–∏—Å—Ç—Ä–∞—Ü–∏–∏ –ø—Ä–∞–≤–∞ –∞–ø—Ä–µ–ª—å 2023, –¥–∞—Ç–∞ –ø—Ä–µ–∫—Ä–∞—â–µ–Ω–∏—è –ø—Ä–∞–≤–∞ –º–∞–π 2023.</p>

<p>
–ó–Ω–∞—á–∏—Ç –ª–∏ —ç—Ç–æ, —á—Ç–æ —Ç–µ–ø–µ—Ä—å –º–Ω–µ –Ω–µ–æ–±—Ö–æ–¥–∏–º–æ –æ–ø–ª–∞—Ç–∏—Ç—å –Ω–∞–ª–æ–≥? –ù–æ –≤–µ–¥—å –º—ã –≤–ª–∞–¥–µ–µ–º –∑–µ–º–µ–ª—å–Ω—ã–º —É—á–∞—Å—Ç–∫–æ–º —É–∂–µ –±–æ–ª–µ–µ 20 –ª–µ—Ç. –†–∞–∑–≤–µ —ç—Ç–æ –Ω–µ –ø—Ä–∞–≤–æ —Å–æ–±—Å—Ç–≤–µ–Ω–Ω–æ—Å—Ç–∏? –ß—Ç–æ –¥–µ–ª–∞—Ç—å?</p>

<br>
[feature name=poll config=poll-data-vladeniya]
<br>";;published;False;2024-02-26 06:59:06.143817+00;2025-02-20 15:29:44.721906+00;;22858;;;{};True;[];–ú—ã¬†–ø–æ–ª—É—á–∏–ª–∏ –∑–µ–º–µ–ª—å–Ω—ã–π —É—á–∞—Å—Ç–æ–∫ –ø–æ¬†—Å–≤–∏–¥–µ—Ç–µ–ª—å—Å—Ç–≤—É –æ¬†–ø—Ä–∞–≤–µ –Ω–∞—Å–ª–µ–¥—Å—Ç–≤–∞¬†‚Äî –ø–æ¬†¬Ω¬†–æ—Ç¬†12.05.1999. –í¬†–∞–ø—Ä–µ–ª–µ 2000 –≥–æ–¥–∞ –±—ã–ª –ø—Ä–∏—Å–≤–æ–µ–Ω –∫–∞–¥–∞—Å—Ç—Ä–æ–≤—ã–π –Ω–æ–º–µ—Ä –∏¬†–ø–æ–ª—É—á–µ–Ω–æ —Å–≤–∏–¥–µ—Ç–µ–ª—å—Å—Ç–≤–æ –Ω–∞¬†–ø—Ä–∞–≤–æ —Å–æ–±—Å—Ç–≤–µ–Ω–Ω–æ—Å—Ç–∏ –∑–µ–º–ª–∏. –í¬†2023 —Ä–µ—à–∏–ª–∏ –ø—Ä–æ–¥–∞—Ç—å –∑–µ–º–µ–ª—å–Ω—ã–π —É—á–∞—Å—Ç–æ–∫. –î–ª—è —ç—Ç–æ–≥–æ –ø—Ä–∏—à–ª–æ;"{""title"": ""–° –∫–∞–∫–æ–≥–æ –º–æ–º–µ–Ω—Ç–∞ –º—ã –≤–ª–∞–¥–µ–µ–º –∑–µ–º–µ–ª—å–Ω—ã–º —É—á–∞—Å—Ç–∫–æ–º?"", ""seo_faq"": """", ""og_image"": ""ask-fb.dgfbtn3c7eyy.png"", ""og_title"": ""–° –∫–∞–∫–æ–≥–æ –º–æ–º–µ–Ω—Ç–∞ –º—ã –≤–ª–∞–¥–µ–µ–º –∑–µ–º–µ–ª—å–Ω—ã–º —É—á–∞—Å—Ç–∫–æ–º?"", ""vk_image"": ""ask-vk.sw0v0psdmebw.png"", ""zen_image"": ""ask-zen.ukxdk9ovptjk.png"", ""zen_title"": """", ""seo_how_to"": """", ""description"": ""–ò—Å—Ç–æ—Ä–∏—è –∏–∑ —Å–æ–æ–±—â–µ—Å—Ç–≤–∞"", ""og_description"": ""–ò—Å—Ç–æ—Ä–∏—è –∏–∑ —Å–æ–æ–±—â–µ—Å—Ç–≤–∞"", ""seo_breadcrumb"": """", ""seo_how_to_title"": """"}";"{""card"": {""card_image"": """", ""card_bg_color"": """", ""card_bg_image"": """", ""card_image_type"": ""default"", ""card_image_border"": false}, ""decoration"": {""article_bg_color"": """", ""is_feature_layout"": false, ""article_link_color"": """", ""article_text_color"": """", ""article_link_hover_color"": """"}, ""is_redesign"": true}";"{""seo"": {""seo_title"": """", ""seo_recipe"": {}, ""seo_breadcrumb"": """", ""seo_description"": """"}, ""ugc"": {""lead"": """", ""chief"": ""–§—Ä–æ–ª–æ–≤–∞"", ""ugc_form_answer_id"": ""ca45ec5f-ef1d-4bd4-a4e1-fa8276fd4039""}, ""other"": {}, ""footer"": {""cast"": """", ""footer_text"": """", ""footer_is_dark"": false, ""footer_bg_color"": """", ""recommender_title"": """", ""subscribe_disabled"": false, ""footer_sharer_title"": """", ""recommender_exclude"": false}, ""comments"": {""comments_status"": ""on"", ""comments_editorial"": false, ""comments_author_text"": """"}, ""shortened"": {""badge_text"": """", ""short_title"": """", ""short_subtitle"": """"}, ""visibility"": {""is_unindexed"": false, ""ugc_is_featured"": false, ""is_hidden_from_app"": false, ""is_hidden_from_search"": true, ""is_hidden_from_tj_app"": false, ""is_hidden_from_main_page"": false, ""is_hidden_from_yandex_turbo"": false}, ""content_authors"": [{""img"": """"}]}";data-vladeniya;data-vladeniya;False;False;;False;False;False;noads, –ø—Ä–∞–≤–æ;UGC, –ü—Ä–∞–≤–æ, –ß—Ç–æ –¥–µ–ª–∞—Ç—å;–ß—Ç–æ –¥–µ–ª–∞—Ç—å?;–ú–∞—Ç–µ—Ä–∏–∞–ª—ã –∏–∑ —Å–æ–æ–±—â–µ—Å—Ç–≤–∞;–ü–∞–ø–∞–¥–∏–º–∏—Ç—Ä–∏—É –ê–Ω–Ω–∞ 
5;000edc64-a1cc-41ee-b26e-1c3872cc4e18;¬´–Ø¬†–±–æ–ª—å—à–∞—è —Ç—Ä–∞–Ω¬≠–∂–∏—Ä–∞¬ª: –∫–∞–∫ –ø–µ—Ä–µ—Å—Ç–∞—Ç—å —Å–ø—É—Å–∫–∞—Ç—å –¥–µ–Ω—å–≥–∏ –Ω–∞¬†–æ–¥–µ–∂–¥—É;–ò—Å—Ç–æ—Ä–∏—è –∏–∑¬†–¥–Ω–µ–≤–Ω–∏–∫–∞ —Ç—Ä–∞—Ç –∏¬†–∫–æ–º–º–µ–Ω—Ç–∞—Ä–∏–π —ç–∫—Å–ø–µ—Ä—Ç–∞;"[panel]
[p grade=""secondary""]–≠—Ç–æ –∏—Å—Ç–æ—Ä–∏—è {–∏–∑ –°–æ–æ–±—â–µ—Å—Ç–≤–∞.}(https://t-j.ru/community/) –†–µ–¥–∞–∫—Ü–∏—è –∑–∞–¥–∞–ª–∞ –≤–æ–ø—Ä–æ—Å—ã, –±–µ—Ä–µ–∂–Ω–æ –æ—Ç—Ä–µ–¥–∞–∫—Ç–∏—Ä–æ–≤–∞–ª–∞ –∏ –æ—Ñ–æ—Ä–º–∏–ª–∞ –ø–æ —Å—Ç–∞–Ω–¥–∞—Ä—Ç–∞–º –∂—É—Ä–Ω–∞–ª–∞[/p]
[/panel]

[author prop=""additional"" name=""–ï–¥—É –≤ –†–∞–º–∞—Ç-–ì–∞–Ω"" desc=""—Å—á–∏—Ç–∞–µ—Ç —Å–µ–±—è —Ç—Ä–∞–Ω–∂–∏—Ä–æ–π"" img=""anonym_6"" social_id=""3238859""]

<p class=""lead"">–ú–Ω–µ 26 –ª–µ—Ç. –Ø –∂–∏–≤—É –≤ –ú–æ—Å–∫–≤–µ —Å –ø–∞—Ä–Ω–µ–º. –†–∞–±–æ—Ç–∞—é —Å–ø–µ—Ü–∏–∞–ª–∏—Å—Ç–æ–º –ø–æ –∏–∑—Ä–∞–∏–ª—å—Å–∫–æ–º—É –≥—Ä–∞–∂–¥–∞–Ω—Å—Ç–≤—É –≤ —á–∞—Å—Ç–Ω–æ–π –∫–æ–º–ø–∞–Ω–∏–∏.</p>
    
<p>–°–æ–ø—Ä–æ–≤–æ–∂–¥–∞—é –ª—é–¥–µ–π, –∫–æ—Ç–æ—Ä—ã–µ —Ä–µ–ø–∞—Ç—Ä–∏–∏—Ä—É—é—Ç—Å—è –≤ –ò–∑—Ä–∞–∏–ª—å –ø–æ –µ–≤—Ä–µ–π—Å–∫–∏–º –∫–æ—Ä–Ω—è–º. –ü–æ–ª—É—á–∞—é –æ–∫–ª–∞–¥ 80 000 ‚ÇΩ –∏ –ø—Ä–æ—Ü–µ–Ω—Ç –æ—Ç –∞–ø—Å–µ–π–ª–æ–≤. –ß–∞—Å—Ç–æ –≤—ã—Ö–æ–¥–∏—Ç –æ–∫–æ–ª–æ 90 000 ‚ÇΩ, –∞ –≤ —É–¥–∞—á–Ω—ã–µ –º–µ—Å—è—Ü—ã –º–æ–∂–Ω–æ –∑–∞—Ä–∞–±–æ—Ç–∞—Ç—å –∏ 140&nbsp;000 ‚ÇΩ, –Ω–æ —ç—Ç–æ —Ä–µ–¥–∫–æ. –ë—É–¥—É —Å—á–∏—Ç–∞—Ç—å, —á—Ç–æ –≤ —Å—Ä–µ–¥–Ω–µ–º –ø–æ–ª—É—á–∞—é [nobr]100 000‚Äî110 000 ‚ÇΩ[/nobr].</p>

<p>–ü–∞—Ä–Ω—é 31 –≥–æ–¥, –æ–Ω –¥–µ—Ç—Å–∫–∏–π —Ö–∏—Ä—É—Ä–≥ –≤ –≥–æ—Å—É–¥–∞—Ä—Å—Ç–≤–µ–Ω–Ω–æ–π –±–æ–ª—å–Ω–∏—Ü–µ. –ó–∞—Ä–∞–±–∞—Ç—ã–≤–∞–µ—Ç –æ—Ç 130&nbsp;000 –¥–æ 160&nbsp;000 ‚ÇΩ.</p>

<p>–£ –Ω–∞—Å –≥–∏–±—Ä–∏–¥–Ω—ã–π –±—é–¥–∂–µ—Ç: –æ–±—â–∏–µ —Ç—Ä–∞—Ç—ã –¥–µ–ª–∏–º –ø–æ–ø–æ–ª–∞–º, –∞ –æ—Å—Ç–∞–ª—å–Ω–æ–µ –∫–∞–∂–¥—ã–π –ø–æ–∫—É–ø–∞–µ—Ç —Å–∞–º —Å–µ–±–µ. –°–µ–π—á–∞—Å –º–Ω–µ —Ö–≤–∞—Ç–∞–µ—Ç —Ç–æ–≥–æ, —á—Ç–æ —Å –∑–∞—Ä–ø–ª–∞—Ç—ã –∏ –∞–≤–∞–Ω—Å–∞ —è —Ä–∞—Å–∫–∏–¥—ã–≤–∞—é –¥–µ–Ω—å–≥–∏ –ø–æ —Å—á–µ—Ç–∞–º –Ω–∞ –æ—Å–Ω–æ–≤–Ω—ã–µ —Ä–∞—Å—Ö–æ–¥—ã –∏ –Ω–∞ –ø–æ–¥—É—à–∫—É. –î–µ–Ω—å–≥–∏ –∑–∞ –∫–æ–º–º—É–Ω–∞–ª–∫—É –∏ –∏–Ω—Ç–µ—Ä–Ω–µ—Ç —Å—Ä–∞–∑—É —Å–∫–∏–¥—ã–≤–∞—é –ø–∞—Ä–Ω—é, —Ç–∞–∫&nbsp;–∫–∞–∫ –æ–Ω –∑–∞ —ç—Ç–æ –æ—Ç–≤–µ—á–∞–µ—Ç. –í—Å–µ –æ—Å—Ç–∞–ª—å–Ω–æ–µ, —á—Ç–æ –æ—Å—Ç–∞–µ—Ç—Å—è –Ω–∞ —Å—á–µ—Ç–µ, —Ç—Ä–∞—á—É –∫–∞–∫ –ø—Ä–∏–¥–µ—Ç—Å—è, –Ω–µ –æ–≥—Ä–∞–Ω–∏—á–∏–≤–∞—è —Å–µ–±—è –∏ –Ω–µ –∑–∞–ø–∏—Å—ã–≤–∞—è —Ä–∞—Å—Ö–æ–¥—ã.</p>

<p>–Ø –±–æ–ª—å—à–∞—è —Ç—Ä–∞–Ω–∂–∏—Ä–∞, –Ω–æ –±–æ—Ä—é—Å—å —Å —ç—Ç–∏–º –ø–æ—Å–ª–µ–¥–Ω–∏–µ –ø—è—Ç—å –ª–µ—Ç ‚Äî —Å –º–æ–º–µ–Ω—Ç–∞ –∑–Ω–∞–∫–æ–º—Å—Ç–≤–∞ —Å –ø–∞—Ä–Ω–µ–º. –ï–≥–æ —Ñ–∏–Ω–∞–Ω—Å—ã –≤ –ø–æ—Ä—è–¥–∫–µ, –∏ –æ–Ω –Ω–∞—É—á–∏–ª –º–µ–Ω—è –æ—Ç–Ω–æ—à–µ–Ω–∏—è–º —Å –¥–µ–Ω—å–≥–∞–º–∏. –ë–ª–∞–≥–æ–¥–∞—Ä—è&nbsp;–ù. —è –≤–ø–µ—Ä–≤—ã–µ –Ω–∞—á–∞–ª–∞ –æ—Ç–∫–ª–∞–¥—ã–≤–∞—Ç—å –∏ —Ç–µ–ø–µ—Ä—å –¥–µ–ª–∞—é —ç—Ç–æ —Å—Ç–∞–±–∏–ª—å–Ω–æ, –Ω–µ —Å—Ä—ã–≤–∞—é—Å—å –Ω–∞ —Ç–æ, —á—Ç–æ–±—ã –≤ –ø–µ—Ä–≤—ã–π –¥–µ–Ω—å —Å–ø—É—Å—Ç–∏—Ç—å –ø–æ–ª–∑–∞—Ä–ø–ª–∞—Ç—ã –Ω–∞ Wildberries, –∞ –æ—Å—Ç–∞–≤—à–∏–µ—Å—è –¥–≤–µ –Ω–µ–¥–µ–ª–∏ –ø–∏—Ç–∞—Ç—å—Å—è –∫–∞—Ä—Ç–æ—à–∫–æ–π.</p>

<p>–†–∞—Å—Ö–æ–¥—ã –Ω–∞ –æ–¥–µ–∂–¥—É ‚Äî –º–æ–∏ –ª—é–±–∏–º—ã–µ. –û—Ç –º–µ—Å—è—Ü–∞ –∫ –º–µ—Å—è—Ü—É —Å—É–º–º—ã —Ä–∞–∑–Ω—ã–µ, –≤ —Å—Ä–µ–¥–Ω–µ–º [nobr]10 000‚Äî15 000 ‚ÇΩ[/nobr]. –ö –∫–∞–∂–¥–æ–π –∑–∞—Ä–ø–ª–∞—Ç–µ —É –º–µ–Ω—è —É–∂–µ —Å–æ–±—Ä–∞–Ω—ã –∫–æ—Ä–∑–∏–Ω—ã –ø–æ–∫—É–ø–æ–∫ –Ω–∞ –º–∞—Ä–∫–µ—Ç–ø–ª–µ–π—Å–∞—Ö. –í–æ–æ–±—â–µ, —è –º–æ–≥—É —Å–ø—É—Å–∫–∞—Ç—å –Ω–∞ –æ–¥–µ–∂–¥—É –≤—Å–µ, —á—Ç–æ –µ—Å—Ç—å –Ω–∞ –∫–∞—Ä—Ç–µ, –ø–æ—ç—Ç–æ–º—É –∏ —Ä–∞—Å–∫–∏–¥—ã–≤–∞—é –¥–µ–Ω—å–≥–∏ —Å—Ä–∞–∑—É –ø–æ —Å—á–µ—Ç–∞–º.</p>

<p>–ö–∞–∫ –ø–µ—Ä–µ—Å—Ç–∞—Ç—å —Ç—Ä–∞—Ç–∏—Ç—å –º–Ω–æ–≥–æ –¥–µ–Ω–µ–≥ –Ω–∞ –º–∞—Ä–∫–µ—Ç–ø–ª–µ–π—Å–∞—Ö? –°–ø—É—Å—Ç—è –≥–æ–¥—ã —Ç—Ä–µ–Ω–∏—Ä–æ–≤–æ–∫ –≤–æ–ª–∏ —É –º–µ–Ω—è –æ–±—ã—á–Ω–æ –ø–æ–ª—É—á–∞–µ—Ç—Å—è –¥–µ—Ä–∂–∞—Ç—å —Å–µ–±—è –≤ —Ä—É–∫–∞—Ö, –Ω–æ –∏–Ω–æ–≥–¥–∞ –≤ –≥–ª–∞–∑–∞—Ö —Ç–µ–º–Ω–µ–µ—Ç ‚Äî –∏ –≤–æ—Ç —è —É–∂–µ –∑–∞–∫–∞–∑–∞–ª–∞ –ø–æ–ª–æ–≤–∏–Ω—É –∞—Å—Å–æ—Ä—Ç–∏–º–µ–Ω—Ç–∞ Ozon.</p>

[author name=""–ú–∞—Ç–≤–µ–π –ó–æ—Ç–æ–≤"" img=""–ú–∞—Ç–≤–µ–π_–ó–æ—Ç–æ–≤_1"" desc=""—Ñ–∏–Ω–∞–Ω—Å–æ–≤—ã–π –ø—Å–∏—Ö–æ–ª–æ–≥"" social_id=""3337455"" prop=""additional""]

[hl isbuble=""true""]

<p>–ù–µ –≤—Å–µ –æ–±—ä–µ–∫—Ç–∏–≤–Ω–æ –æ—Ü–µ–Ω–∏–≤–∞—é—Ç —Å–≤–æ–∏ –Ω–∞–≤—ã–∫–∏ –≤–µ–¥–µ–Ω–∏—è –±—é–¥–∂–µ—Ç–∞. –ú–Ω–µ –∫–∞–∂–µ—Ç—Å—è, —á—Ç–æ –∏ –≤—ã –¥—É–º–∞–µ—Ç–µ –æ —Å–µ–±–µ —Ö—É–∂–µ, —á–µ–º –µ—Å—Ç—å –Ω–∞ —Å–∞–º–æ–º –¥–µ–ª–µ. –í–µ–¥—å –≤—ã —É–∂–µ –º–æ–∂–µ—Ç–µ –ø–æ—Ö–≤–∞—Å—Ç–∞—Ç—å—Å—è –¥–æ—Å—Ç–∏–∂–µ–Ω–∏—è–º–∏ –Ω–∞ –ø–æ–ø—Ä–∏—â–µ —Ñ–∏–Ω–∞–Ω—Å–æ–≤–æ–π –≥—Ä–∞–º–æ—Ç–Ω–æ—Å—Ç–∏. –í—ã —Ä–µ–≥—É–ª—è—Ä–Ω–æ –æ—Ç–∫–ª–∞–¥—ã–≤–∞–µ—Ç–µ –¥–µ–Ω—å–≥–∏ –∏ –Ω–µ —Å–æ–≤–µ—Ä—à–∞–µ—Ç–µ –∫–æ–º–ø—É–ª—å—Å–∏–≤–Ω—ã—Ö —Ç—Ä–∞—Ç, –∞ –∑–∞—Ä–∞–Ω–µ–µ —Ñ–æ—Ä–º–∏—Ä—É–µ—Ç–µ –∫–æ—Ä–∑–∏–Ω—É –Ω–∞ –º–∞—Ä–∫–µ—Ç–ø–ª–µ–π—Å–∞—Ö, —Ç–æ –µ—Å—Ç—å –æ–±–¥—É–º—ã–≤–∞–µ—Ç–µ –ø–æ–∫—É–ø–∫–∏. –ö—Ä–æ–º–µ —Ç–æ–≥–æ, —É –≤–∞—Å –µ—Å—Ç—å –ø—Ä–æ–≤–µ—Ä–µ–Ω–Ω—ã–π —Å–ø–æ—Å–æ–± —É–ø—Ä–∞–≤–ª—è—Ç—å –±—é–¥–∂–µ—Ç–æ–º: –≤—ã –ø–∏—à–µ—Ç–µ, —á—Ç–æ —Ä–∞—Å–ø—Ä–µ–¥–µ–ª—è–µ—Ç–µ –¥–µ–Ω—å–≥–∏ –ø–æ —Ä–∞–∑–Ω—ã–º —Å—á–µ—Ç–∞–º.</p>

<p>–õ—é–¥–∏, –∫–æ—Ç–æ—Ä—ã–µ –¥–µ–π—Å—Ç–≤–∏—Ç–µ–ª—å–Ω–æ —Ç—Ä–∞–Ω–∂–∏—Ä—è—Ç, {—Ç—Ä–∞—Ç—è—Ç –±–æ–ª—å—à–µ, —á–µ–º [nobr]10‚Äî15%[/nobr] –æ—Ç –¥–æ—Ö–æ–¥–∞.}(https://ourworldindata.org/engels-law-food-spending) –ê –≤—ã ‚Äî –º–µ–Ω—å—à–µ, –æ—Å–æ–±–µ–Ω–Ω–æ –µ—Å–ª–∏ —É—á–µ—Å—Ç—å –≤–∞—à –≥–∏–±—Ä–∏–¥–Ω—ã–π –±—é–¥–∂–µ—Ç. –¢–æ –µ—Å—Ç—å, –Ω–∞–∑—ã–≤–∞—è —Å–µ–±—è –±–æ–ª—å—à–æ–π —Ç—Ä–∞–Ω–∂–∏—Ä–æ–π, –≤—ã, –Ω–∞ –º–æ–π&nbsp;–≤–∑–≥–ª—è–¥, –ø—Ä–µ—É–≤–µ–ª–∏—á–∏–≤–∞–µ—Ç–µ.</p>

<p>–ï—Å–ª–∏ —Ç—Ä–∞—Ç—ã, –∫–æ—Ç–æ—Ä—ã–µ –≤–∞—Å –Ω–µ —É—Å—Ç—Ä–∞–∏–≤–∞—é—Ç, —Å—ä–µ–¥–∞—é—Ç –º–µ–Ω—å—à–µ 10%&nbsp;–±—é–¥–∂–µ—Ç–∞, –ø—Ä–µ–¥–ª–∞–≥–∞—é –ø–æ–¥—É–º–∞—Ç—å, –∞ <span>–Ω—É–∂–Ω–æ&nbsp;–ª–∏</span> [nobr]—á—Ç–æ-—Ç–æ[/nobr] –º–µ–Ω—è—Ç—å. –ü–æ–ø—ã—Ç–∫–∏ –∏–∑–º–µ–Ω–∏—Ç—å—Å—è —Ä–∞–¥–∏ –∞–±—Å—Ç—Ä–∞–∫—Ç–Ω–æ–π –∏–¥–µ–∏ ¬´–ø—Ä–∞–≤–∏–ª—å–Ω–æ—Å—Ç–∏¬ª ‚Äî —ç—Ç–æ —Å–∞–º–æ–∏—Å—Ç—è–∑–∞–Ω–∏–µ, –∫–æ—Ç–æ—Ä–æ–µ –≤—ã–∑–æ–≤–µ—Ç —Å—Ç—Ä–µ—Å—Å. –û–Ω, –≤ —Å–≤–æ—é –æ—á–µ—Ä–µ–¥—å, –º–æ–∂–µ—Ç —Å–ø—Ä–æ–≤–æ—Ü–∏—Ä–æ–≤–∞—Ç—å –ø–æ—Ç–µ—Ä—é —Å–∞–º–æ–∫–æ–Ω—Ç—Ä–æ–ª—è. –í —Å—Ç—Ä–µ—Å—Å–µ –±–æ–ª—å—à–µ —à–∞–Ω—Å–æ–≤ –Ω–∞ –Ω–µ–∫–æ–Ω—Ç—Ä–æ–ª–∏—Ä—É–µ–º—ã–µ —Ç—Ä–∞—Ç—ã.</p>

<p>–ß—Ç–æ–±—ã –ø–æ–Ω—è—Ç—å, –∫–∞–∫ –±—ã—Ç—å, —Å–æ–≤–µ—Ç—É—é –Ω–∞—á–∞—Ç—å –≤–µ—Å—Ç–∏ –¥–Ω–µ–≤–Ω–∏–∫ —Ä–∞—Å—Ö–æ–¥–æ–≤. –ê –µ—Å–ª–∏ [nobr]–≤—Å–µ-—Ç–∞–∫–∏[/nobr] —Ä–µ—à–∏—Ç–µ, —á—Ç–æ –Ω—É–∂–Ω–æ —ç–∫–æ–Ω–æ–º–∏—Ç—å, –ø–æ–ø—Ä–æ–±–æ–≤–∞—Ç—å —Ä–∞–∑–Ω—ã–µ —Å–ø–æ—Å–æ–±—ã –∫–æ–Ω—Ç—Ä–æ–ª–∏—Ä–æ–≤–∞—Ç—å —Ç—Ä–∞—Ç—ã.</p>

<h3>–ó–∞—á–µ–º –≤–µ—Å—Ç–∏ –¥–Ω–µ–≤–Ω–∏–∫ —Ä–∞—Å—Ö–æ–¥–æ–≤</h3>

<p>–ß—Ç–æ–±—ã –±–æ–ª—å—à–µ —É–∑–Ω–∞—Ç—å –æ —Å–≤–æ–µ–º —Ñ–∏–Ω–∞–Ω—Å–æ–≤–æ–º –ø–æ–≤–µ–¥–µ–Ω–∏–∏, –ø–æ–ø—Ä–æ–±—É–π—Ç–µ —Ä–µ–≥—É–ª—è—Ä–Ω–æ –≤–µ—Å—Ç–∏ –¥–Ω–µ–≤–Ω–∏–∫ —Ä–∞—Å—Ö–æ–¥–æ–≤. –° –Ω–∏–º –≤—ã –ø–æ–π–º–µ—Ç–µ, –∫–∞–∫–∏–µ –≤–∞—à–∏ –ø–æ–∫—É–ø–∫–∏ –Ω–µ—Ä–∞—Ü–∏–æ–Ω–∞–ª—å–Ω—ã, –∞ –∫–∞–∫–∏–µ ‚Äî –Ω–µ–æ–±—Ö–æ–¥–∏–º—ã. –ù–æ —è –ø—Ä–µ–¥–ª–∞–≥–∞—é —Ä–∞—Å–ø—Ä–µ–¥–µ–ª—è—Ç—å –ø–æ–∫—É–ø–∫–∏ –Ω–µ –ø–æ —Å—Ç–∞–Ω–¥–∞—Ä—Ç–Ω—ã–º –∫–∞—Ç–µ–≥–æ—Ä–∏—è–º, –∫–∞–∫ –≤ –¥–Ω–µ–≤–Ω–∏–∫–µ —Ç—Ä–∞—Ç&nbsp;[nobr]–¢‚Äî–ñ[/nobr], –∞ —Å–∫–æ–Ω—Ü–µ–Ω—Ç—Ä–∏—Ä–æ–≤–∞—Ç—å—Å—è –Ω–∞ —Ä–∞—Å—Ö–æ–¥–∞—Ö, [nobr]–∏–∑-–∑–∞[/nobr] –∫–æ—Ç–æ—Ä—ã—Ö –≤—ã —Å—á–∏—Ç–∞–µ—Ç–µ —Å–µ–±—è —Ç—Ä–∞–Ω–∂–∏—Ä–æ–π. –ü—Ä–∏&nbsp;—ç—Ç–æ–º –Ω–∞–∑–≤–∞—Ç—å —ç—Ç–∏ –∫–∞—Ç–µ–≥–æ—Ä–∏–∏ –≤ –∑–∞–≤–∏—Å–∏–º–æ—Å—Ç–∏ –æ—Ç —ç–º–æ—Ü–∏–π, –∫–æ—Ç–æ—Ä—ã–µ –≤—ã –æ—Ç –Ω–∏—Ö –ø–æ–ª—É—á–∞–µ—Ç–µ.</p>

<p>–ß—Ç–æ–±—ã –ø–æ–Ω—è—Ç—å, –∫–∞–∫–∏–µ —ç—Ç–æ –∫–∞—Ç–µ–≥–æ—Ä–∏–∏, –ø—Ä–µ–¥–ª–∞–≥–∞—é –æ—Ç–≤–µ—Ç–∏—Ç—å –Ω–∞ –Ω–µ—Å–∫–æ–ª—å–∫–æ –≤–æ–ø—Ä–æ—Å–æ–≤. –í—ã –Ω–∞–∑—ã–≤–∞–µ—Ç–µ —Ç—Ä–∞—Ç—ã –Ω–∞ –æ–¥–µ–∂–¥—É –ª—é–±–∏–º—ã–º–∏. –ß—Ç–æ –¥–µ–ª–∞–µ—Ç –∏—Ö —Ç–∞–∫–∏–º–∏? –ö–∞–∫–æ–π —Å–º—ã—Å–ª –≤—ã –≤–∫–ª–∞–¥—ã–≤–∞–µ—Ç–µ –≤ –æ–¥–µ–∂–¥—É –∏ –∫–∞–∫–∏–µ –∑–∞–¥–∞—á–∏ –ø—ã—Ç–∞–µ—Ç–µ—Å—å —Ä–µ—à–∏—Ç—å —Å –µ–µ –ø–æ–º–æ—â—å—é? –ü—Ä–µ–¥–ø–æ–ª–∞–≥–∞—é, —á—Ç–æ –≤—ã –ø–ª–∞—Ç–∏—Ç–µ –Ω–µ –ø—Ä–æ—Å—Ç–æ –∑–∞ –≤–µ—â–∏, –∞ –∑–∞ [nobr]—á—Ç–æ-—Ç–æ[/nobr] –±–æ–ª—å—à–µ–µ. –ß—Ç–æ —ç—Ç–æ: —ç–º–æ—Ü–∏–∏, –æ–±—Ä–∞–∑—ã, —Ñ–∞–Ω—Ç–∞–∑–∏–∏, –º–µ—á—Ç—ã?</p>

<p>–í –∑–∞–≤–∏—Å–∏–º–æ—Å—Ç–∏ –æ—Ç —Ç–æ–≥–æ, —á—Ç–æ –¥–ª—è&nbsp;–≤–∞—Å –≤–∞–∂–Ω–æ, –∫–∞—Ç–µ–≥–æ—Ä–∏–∏ —Ç—Ä–∞—Ç –º–æ–≥—É—Ç –Ω–∞–∑—ã–≤–∞—Ç—å—Å—è —Ç–∞–∫:</p>
[ul type=""dashed""]
¬´–ø—Ä–∏—è—Ç–Ω–æ–µ –≤—Ä–µ–º—è–ø—Ä–µ–ø—Ä–æ–≤–æ–∂–¥–µ–Ω–∏–µ¬ª;
¬´–≤–µ—â–∏, —á—Ç–æ–±—ã —á—É–≤—Å—Ç–≤–æ–≤–∞—Ç—å —Å–µ–±—è –∫—Ä–∞—Å–∏–≤–æ–π¬ª;
¬´–æ–¥–µ–∂–¥–∞ –¥–ª—è&nbsp;–¥–æ—Å—Ç–∏–∂–µ–Ω–∏–π¬ª;
¬´–≤–µ—â–∏ –¥–ª—è&nbsp;–∫–æ–º—Ñ–æ—Ä—Ç–∞¬ª;
¬´–≤–µ—â–∏ –¥–ª—è&nbsp;—É—é—Ç–∞¬ª.
[/ul]

<p>–û—Å—Ç–∞–≤—å—Ç–µ [nobr]3‚Äî4[/nobr] —Å–∞–º—ã—Ö –≤–∞–∂–Ω—ã—Ö.</p>

<p>–ü–æ—Å–ª–µ –º–µ—Å—è—Ü–∞ ‚Äî –∞ –ª—É—á—à–µ –Ω–µ—Å–∫–æ–ª—å–∫–∏—Ö –º–µ—Å—è—Ü–µ–≤ ‚Äî –≤–µ–¥–µ–Ω–∏—è –¥–Ω–µ–≤–Ω–∏–∫–∞ –Ω–∞—á–Ω–µ—Ç –≤—ã—Ä–∏—Å–æ–≤—ã–≤–∞—Ç—å—Å—è –æ–±—Ä–∞–∑ —Ö–∞—Ä–∞–∫—Ç–µ—Ä–Ω—ã—Ö —Ç—Ä–∞—Ç. –í–æ–∑–º–æ–∂–Ω–æ, –≤—ã —É–≤–∏–¥–∏—Ç–µ, —á—Ç–æ —á–∞—Å—Ç—å —Ä–∞—Å—Ö–æ–¥–æ–≤ –Ω–∞ –æ–¥–µ–∂–¥—É ‚Äî –Ω–µ–æ–±—Ö–æ–¥–∏–º–∞.</p>

<p>–¢–∞–∫–∂–µ –≤—ã —Å–º–æ–∂–µ—Ç–µ —Å–æ–∑–¥–∞—Ç—å —Å–ø–∏—Å–æ–∫ –∞–ª—å—Ç–µ—Ä–Ω–∞—Ç–∏–≤ –∏ –ø—Ä–æ–∞–Ω–∞–ª–∏–∑–∏—Ä–æ–≤–∞—Ç—å, —á—Ç–æ –∏–º–µ–Ω–Ω–æ ‚Äî –∫–∞–∫–∏–µ —ç–º–æ—Ü–∏–∏ ‚Äî –≤—ã –ø–æ–ª—É—á–∞–µ—Ç–µ, –∫–æ–≥–¥–∞ –ø–æ–∫—É–ø–∞–µ—Ç–µ –æ–¥–µ–∂–¥—É. –ù–∞–≤–µ—Ä–Ω—è–∫–∞ <span>—Ç–µ&nbsp;–∂–µ</span> –º–æ–∂–Ω–æ –ø–æ–ª—É—á–∏—Ç—å –∏ –¥—Ä—É–≥–∏–º –ø—É—Ç–µ–º, –±–µ–∑&nbsp;—Ñ–∏–Ω–∞–Ω—Å–æ–≤—ã—Ö –∑–∞—Ç—Ä–∞—Ç. –°–∫–∞–∂–µ–º, –∫–æ–º—Ñ–æ—Ä—Ç —Å–æ–∑–¥–∞–µ—Ç –Ω–µ —Ç–æ–ª—å–∫–æ –æ–¥–µ–∂–¥–∞, –∫—Ä–∞—Å–æ—Ç–∞ —Ç–æ–∂–µ –º–æ–∂–µ—Ç –≤—ã—Ä–∞–∂–∞—Ç—å—Å—è [nobr]–ø–æ-—Ä–∞–∑–Ω–æ–º—É[/nobr]. –ï—Å–ª–∏ –≤—ã —ç—Ç–æ –ø—Ä–æ–∞–Ω–∞–ª–∏–∑–∏—Ä—É–µ—Ç–µ, —Ç–æ —Å–¥–µ–ª–∞–µ—Ç–µ —Å–≤–æ—é –∂–∏–∑–Ω—å –±–æ–≥–∞—á–µ.</p>

<h3>–ö–∞–∫ –µ—â–µ –¥–µ—Ä–∂–∞—Ç—å —Ç—Ä–∞—Ç—ã –ø–æ–¥&nbsp;–∫–æ–Ω—Ç—Ä–æ–ª–µ–º</h3>

<p><strong>–û–ø—Ä–µ–¥–µ–ª–∏—Ç–µ –ª–∏–º–∏—Ç —Ç—Ä–∞—Ç.</strong> –í—ã –ø–∏—à–µ—Ç–µ, —á—Ç–æ –Ω–∞ –æ–¥–µ–∂–¥—É —É –≤–∞—Å —É—Ö–æ–¥–∏—Ç [nobr]10 000‚Äî15 000 ‚ÇΩ[/nobr] –≤ –º–µ—Å—è—Ü.</p>

<p>–û—Ç–≤–µ—Ç—å—Ç–µ –Ω–∞ –¥–≤–∞ –≤–æ–ø—Ä–æ—Å–∞:</p>

[ol type=""milchin""]
–°–∫–æ–ª—å–∫–æ –≤—ã <span>—Ö–æ—Ç–µ–ª–∏&nbsp;–±—ã</span> –Ω–∞ –Ω–µ–µ –≤—ã–¥–µ–ª—è—Ç—å? –ü–æ–º–Ω–∏—Ç–µ, —á—Ç–æ —Å–æ–≤—Å–µ–º –æ–±–æ–π—Ç–∏—Å—å –±–µ–∑&nbsp;—Ç—Ä–∞—Ç –Ω–∞ –æ–¥–µ–∂–¥—É –Ω–µ–≤–æ–∑–º–æ–∂–Ω–æ.
–°–∫–æ–ª—å–∫–æ –≤—ã <span>–º–æ–≥–ª–∏&nbsp;–±—ã</span> –Ω–∞ –Ω–µ–µ —Ç—Ä–∞—Ç–∏—Ç—å, <span>–µ—Å–ª–∏&nbsp;–±—ã</span> –∏–º–µ–ª–∏ –Ω–µ–æ–≥—Ä–∞–Ω–∏—á–µ–Ω–Ω—ã–π –±—é–¥–∂–µ—Ç?
[/ol]

<p>–ü–æ—Å–º–æ—Ç—Ä–∏—Ç–µ –Ω–∞ —ç—Ç–∏ —Å—É–º–º—ã –∏ –ø–æ–¥—É–º–∞–π—Ç–µ, –∫–∞–∫–∞—è –∏–∑ –Ω–∏—Ö –±–æ–ª–µ–µ —Ä–µ–∞–ª–∏—Å—Ç–∏—á–Ω–∞—è –∏ –∫–æ–º—Ñ–æ—Ä—Ç–Ω–∞—è. –ï–µ –∏ –ø—Ä–∏–¥–µ—Ä–∂–∏–≤–∞–π—Ç–µ—Å—å.</p>

<p><strong>–†–∞–∑–¥–µ–ª–∏—Ç–µ —Ç—Ä–∞—Ç—ã.</strong> –ò–Ω—Ç–µ—Ä–µ—Å–Ω–æ, –∫–∞–∫ –∏–∑–º–µ–Ω—è—Ç—Å—è –≤–∞—à–∏ –æ—â—É—â–µ–Ω–∏—è, –µ—Å–ª–∏ –≤—ã —Å—Ç–∞–Ω–µ—Ç–µ –ø–æ–∫—É–ø–∞—Ç—å –≤–µ—â–∏ –Ω–µ –ø–∞—á–∫–æ–π, –∫–∞–∫ —Å–µ–π—á–∞—Å, –∞ –ø–æ—à—Ç—É—á–Ω–æ. –°–∫–∞–∂–µ–º, –Ω–µ —á–µ—Ç—ã—Ä–µ —Ç–æ–≤–∞—Ä–∞ —Ä–∞–∑ –≤ –º–µ—Å—è—Ü, –∞ –ø–æ –æ–¥–Ω–æ–º—É –≤ –Ω–µ–¥–µ–ª—é. –ù–æ –≤–∞–∂–Ω–æ –∑–∞—Ä–∞–Ω–µ–µ –æ–ø—Ä–µ–¥–µ–ª–∏—Ç—å –∫–æ–Ω–∫—Ä–µ—Ç–Ω—ã–µ –¥–Ω–∏ –ø–æ–∫—É–ø–æ–∫ –∏ –Ω–∏ –ø—Ä–∏&nbsp;–∫–∞–∫–∏—Ö –æ–±—Å—Ç–æ—è—Ç–µ–ª—å—Å—Ç–≤–∞—Ö –∏—Ö –Ω–µ –ø–µ—Ä–µ–Ω–æ—Å–∏—Ç—å.</p>

<p>–≠—Ç–æ —É–ø—Ä–∞–∂–Ω–µ–Ω–∏–µ —Å–ª–æ–∂–Ω–æ–µ. –í –Ω–µ–º –≤—ã, –ø–æ —Å—É—Ç–∏, –±—É–¥–µ—Ç–µ —á–∞—â–µ –¥–µ–ª–∞—Ç—å —Ç–æ, —á–µ–≥–æ —Å—Ç—Ä–µ–º–∏—Ç–µ—Å—å –∏–∑–±–µ–∂–∞—Ç—å: —Ç—Ä–∞—Ç–∏—Ç—å –¥–µ–Ω—å–≥–∏. –ù–æ –∏–º–µ–Ω–Ω–æ —ç—Ç–æ –ø–æ–∑–≤–æ–ª–∏—Ç —Å–¥–µ–ª–∞—Ç—å –≤–∞–∂–Ω—ã–µ –≤—ã–≤–æ–¥—ã –æ –≤–∞—à–∏—Ö –ø–µ—Ä–µ–∂–∏–≤–∞–Ω–∏—è—Ö –∏ –ø–∞—Ç—Ç–µ—Ä–Ω–∞—Ö –ø–æ–≤–µ–¥–µ–Ω–∏—è –≤–æ –≤—Ä–µ–º—è —à–æ–ø–∏–Ω–≥–∞.</p>

<p>–ó–∞–ø–∏—Å—ã–≤–∞–π—Ç–µ —Å–≤–æ–∏ –æ—â—É—â–µ–Ω–∏—è –∫–∞–∂–¥—ã–π —Ä–∞–∑, –∫–æ–≥–¥–∞ –æ–ø–ª–∞—á–∏–≤–∞–µ—Ç–µ —Ç–æ–≤–∞—Ä, –ø–æ–ª—É—á–∞–µ—Ç–µ –µ–≥–æ –∏ –ø—Ä–∏–º–µ—Ä—è–µ—Ç–µ. –ê –ø–æ –∏—Ç–æ–≥—É –ø–æ—Å–º–æ—Ç—Ä–∏—Ç–µ –∑–∞–º–µ—Ç–∫–∏ –∏ –ø–æ–¥—É–º–∞–π—Ç–µ, –∫–∞–∫–∏–µ –≤—ã–≤–æ–¥—ã –º–æ–∂–Ω–æ —Å–¥–µ–ª–∞—Ç—å. –û–±—Ä–∞—Ç–∏—Ç–µ –≤–Ω–∏–º–∞–Ω–∏–µ –Ω–∞ —Ä–∞–∑–Ω–∏—Ü—É –≤ —ç–º–æ—Ü–∏—è—Ö. <span>–û—Ç–ª–∏—á–∞—é—Ç—Å—è&nbsp;–ª–∏</span> –æ–Ω–∏, –µ—Å–ª–∏ –ø–æ–∫—É–ø–∞—Ç—å –≤–µ—â–∏ –ø–æ —á–∞—Å—Ç—è–º, –∞ –Ω–µ —Å–∫–æ–ø–æ–º?</p>

<p>–í–æ–∑–º–æ–∂–Ω–æ, —Å—Ç–∞–Ω–µ—Ç –∑–∞–º–µ—Ç–Ω–æ, –Ω–∞ –∫–∞–∫–æ–º —ç—Ç–∞–ø–µ –≤—ã —Ç–µ—Ä—è–µ—Ç–µ –∫–æ–Ω—Ç—Ä–æ–ª—å. –õ–∏–±–æ –æ–∫–∞–∂–µ—Ç—Å—è, —á—Ç–æ –µ–≥–æ –≤–æ –≤—Ä–µ–º—è –ø–æ–∫—É–ø–æ–∫ —É–∂–µ –¥–æ—Å—Ç–∞—Ç–æ—á–Ω–æ. –ü–æ—Å–ª–µ —ç–∫—Å–ø–µ—Ä–∏–º–µ–Ω—Ç–∞ –º–æ–∂–Ω–æ –±—É–¥–µ—Ç —Å–¥–µ–ª–∞—Ç—å –≤—ã–≤–æ–¥—ã –æ —Ç–æ–º, —á—Ç–æ –ø–æ–º–æ–≥–∞–µ—Ç –∏–ª–∏ –º–µ—à–∞–µ—Ç —Ç—Ä–∞—Ç–∏—Ç—å –º–µ–Ω—å—à–µ. –ê —Ç–∞–∫–∂–µ —Å—Ç–æ–∏—Ç –≤–µ—Ä–Ω—É—Ç—å—Å—è –∫ —Å–ø–∏—Å–∫—É –∞–ª—å—Ç–µ—Ä–Ω–∞—Ç–∏–≤, –æ –∫–æ—Ç–æ—Ä—ã—Ö –º—ã —É–∂–µ –≥–æ–≤–æ—Ä–∏–ª–∏, ‚Äî –¥–µ–π—Å—Ç–≤–∏—è—Ö, –∫–æ—Ç–æ—Ä—ã–µ –ø—Ä–∏–Ω–æ—Å—è—Ç <span>—Ç–µ&nbsp;–∂–µ</span> —ç–º–æ—Ü–∏–∏, —á—Ç–æ –∏ –ø–æ–∫—É–ø–∫–∞ –æ–¥–µ–∂–¥—ã, –Ω–æ –Ω–µ —Ç—Ä–µ–±—É—é—Ç –∑–∞—Ç—Ä–∞—Ç.</p>

<p><strong>–ù–∞–π–¥–∏—Ç–µ –ø–ª—é—Å—ã –≤ —ç–∫–æ–Ω–æ–º–∏–∏.</strong> –ï—Å–ª–∏ –≤—ã –Ω–µ–¥–æ–≤–æ–ª—å–Ω—ã —Ç—Ä–∞—Ç–∞–º–∏, –∑–Ω–∞—á–∏—Ç, –ø—Ä–µ–¥–ø–æ–ª–∞–≥–∞–µ—Ç–µ, —á—Ç–æ –ø–æ—Ç—Ä–∞—á–µ–Ω–Ω—ã–µ –¥–µ–Ω—å–≥–∏ –Ω—É–∂–Ω—ã [nobr]–∑–∞—á–µ–º-—Ç–æ[/nobr] –µ—â–µ. –ß–µ–≥–æ –≤—ã —Å–µ–±—è –ª–∏—à–∞–µ—Ç–µ, –∫–æ–≥–¥–∞ –∏—Ö —Ä–∞—Å—Ö–æ–¥—É–µ—Ç–µ? <span>–ß—Ç–æ&nbsp;–±—ã</span> –≤—ã —Ö–æ—Ç–µ–ª–∏ –¥–µ–ª–∞—Ç—å —Å –æ—Å–≤–æ–±–æ–¥–∏–≤—à–∏–º–∏—Å—è –¥–µ–Ω—å–≥–∞–º–∏?</p>

<p>–ù–∞–π–¥–∏—Ç–µ –≤—ã–≥–æ–¥—ã –∏ –º–æ—Ç–∏–≤—ã –Ω–µ –ø–æ–∫—É–ø–∞—Ç—å –æ–¥–µ–∂–¥—É. –ñ–µ–ª–∞—Ç–µ–ª—å–Ω–æ, —á—Ç–æ–±—ã –æ–Ω–∏ –±—ã–ª–∏ —ç–º–æ—Ü–∏–æ–Ω–∞–ª—å–Ω–æ –≤–∞–∂–Ω—ã. –°–∫–∞–∂–µ–º, –≤–∞–º –≤—Å–µ–≥–¥–∞ —Ö–æ—Ç–µ–ª–æ—Å—å –∫—É–ø–∏—Ç—å –∞–±–æ–Ω–µ–º–µ–Ω—Ç –≤ –¥–æ—Ä–æ–≥–æ–π [nobr]—Ñ–∏—Ç–Ω–µ—Å-–∫–ª—É–±[/nobr] –∏–ª–∏ –ø–æ–µ—Ö–∞—Ç—å –≤ –æ—Ç–ø—É—Å–∫ –≤ –õ–∞—Ç–∏–Ω—Å–∫—É—é –ê–º–µ—Ä–∏–∫—É ‚Äî –∏ –±–ª–∞–≥–æ–¥–∞—Ä—è —ç–∫–æ–Ω–æ–º–∏–∏ –≤—ã —Å–º–æ–∂–µ—Ç–µ —ç—Ç–æ —Å–¥–µ–ª–∞—Ç—å. –¢–∞–∫ —É –≤–∞—Å –ø–æ—è–≤–∏—Ç—Å—è –¥–æ–ø–æ–ª–Ω–∏—Ç–µ–ª—å–Ω—ã–π —Å—Ç–∏–º—É–ª —É–º–µ–Ω—å—à–∏—Ç—å —Ç—Ä–∞—Ç—ã –Ω–∞ –æ–¥–µ–∂–¥—É.</p>

<p><strong>–ü–æ–æ—â—Ä—è–π—Ç–µ —Å–µ–±—è –∑–∞ —ç–∫–æ–Ω–æ–º–∏—é. </strong>–í—ã–±–µ—Ä–∏—Ç–µ –¥–æ—Å—Ç–∏–∂–µ–Ω–∏—è –≤ —ç–∫–æ–Ω–æ–º–∏–∏, –∑–∞ –∫–æ—Ç–æ—Ä—ã–µ –≤—ã —Å–µ–±—è –≤–æ–∑–Ω–∞–≥—Ä–∞–¥–∏—Ç–µ. –ù–∞–ø—Ä–∏–º–µ—Ä, –µ—Å–ª–∏ —Ç—Ä–∏ –º–µ—Å—è—Ü–∞ –Ω–µ –±—É–¥–µ—Ç–µ –≤—ã—Ö–æ–¥–∏—Ç—å –∑–∞ –ª–∏–º–∏—Ç —Ç—Ä–∞—Ç –≤ –∫–∞—Ç–µ–≥–æ—Ä–∏–∏ ¬´–û–¥–µ–∂–¥–∞¬ª, –º–æ–∂–Ω–æ —Å–≤–æ–¥–∏—Ç—å —Å–µ–±—è –≤ –∫–∞—Ñ–µ –∏–ª–∏ –ø–æ–¥–∞—Ä–∏—Ç—å —Å–µ–±–µ [nobr]—á—Ç–æ-—Ç–æ[/nobr] –¥–ª—è&nbsp;—É—Ö–æ–¥–∞ –∑–∞ —Ç–µ–ª–æ–º. –ì–ª–∞–≤–Ω–æ–µ, –Ω–µ –Ω–∞–≥—Ä–∞–∂–¥–∞—Ç—å —Å–µ–±—è –∏–º–µ–Ω–Ω–æ –æ–¥–µ–∂–¥–æ–π.</p>
[/hl]
";;published;False;2024-07-02 14:52:21.651101+00;2024-07-11 15:32:50.098198+00;;0;;;{};True;[];–ú–Ω–µ 26¬†–ª–µ—Ç. –Ø¬†–∂–∏–≤—É –≤¬†–ú–æ—Å–∫–≤–µ —Å¬†–ø–∞—Ä–Ω–µ–º. –†–∞–±–æ—Ç–∞—é —Å–ø–µ—Ü–∏–∞–ª–∏—Å—Ç–æ–º –ø–æ¬†–∏–∑—Ä–∞–∏–ª—å—Å–∫–æ–º—É –≥—Ä–∞–∂–¥–∞–Ω—Å—Ç–≤—É –≤¬†—á–∞—Å—Ç–Ω–æ–π –∫–æ–º–ø–∞–Ω–∏–∏. –°–æ–ø—Ä–æ–≤–æ–∂–¥–∞—é –ª—é–¥–µ–π, –∫–æ—Ç–æ—Ä—ã–µ —Ä–µ–ø–∞—Ç—Ä–∏–∏—Ä—É—é—Ç—Å—è –≤¬†–ò–∑—Ä–∞–∏–ª—å –ø–æ¬†–µ–≤—Ä–µ–π—Å–∫–∏–º –∫–æ—Ä–Ω—è–º. –ü–æ–ª—É—á–∞—é –æ–∫–ª–∞–¥ 80¬†000¬†‚ÇΩ –∏¬†–ø—Ä–æ—Ü–µ–Ω—Ç –æ—Ç¬†–∞–ø—Å–µ–π–ª–æ–≤. –ß–∞—Å—Ç–æ –≤—ã—Ö–æ–¥–∏—Ç –æ–∫–æ–ª–æ 90¬†0;"{""title"": """", ""seo_faq"": """", ""og_image"": ""fb-answer-for-spets-israel-citizen-msk-140k-2.jpg"", ""og_title"": ""–ö–∞–∫ –ø–µ—Ä–µ—Å—Ç–∞—Ç—å —Å–ø—É—Å–∫–∞—Ç—å –¥–µ–Ω—å–≥–∏ –Ω–∞¬†–æ–¥–µ–∂–¥—É"", ""vk_image"": ""vk-answer-for-spets-israel-citizen-msk-140k-2.jpg"", ""zen_image"": ""cover-out-answer-for-spets-israel-citizen-msk-140k-21.png"", ""zen_title"": """", ""seo_how_to"": """", ""description"": """", ""og_description"": ""–ò—Å—Ç–æ—Ä–∏—è —á–∏—Ç–∞—Ç–µ–ª—å–Ω–∏—Ü—ã –∏¬†–∫–æ–º–º–µ–Ω—Ç–∞—Ä–∏–π —ç–∫—Å–ø–µ—Ä—Ç–∞"", ""seo_breadcrumb"": """", ""seo_how_to_title"": """"}";"{""card"": {""card_bg_color"": """", ""card_bg_image"": ""cover-out-answer-for-spets-israel-citizen-msk-140k-21.png"", ""card_image_type"": ""default"", ""card_image_border"": false}, ""cover"": {""cover_image"": ""cover-in-answer-for-spets-israel-citizen-msk-140k-21.png"", ""small_image"": null, ""cover_bg_tone"": ""light"", ""cover_bg_color"": """", ""cover_bg_image"": null, ""reference_image"": null, ""cover_image_align"": ""left"", ""cover_playback_speed"": 0.1, ""cover_image_nonretina"": false, ""cover_bg_image_shading"": false, ""cover_bg_image_fullsize"": false, ""cover_bg_image_gradient"": false, ""cover_bg_image_noresize"": false}, ""header"": {""header_type"": ""default"", ""header_theme"": ""light""}, ""cover_new"": {""dark"": false, ""kind"": ""default"", ""nonretina"": false, ""text_color"": ""light"", ""description"": ""–§–æ—Ç–æ–≥—Ä–∞—Ñ–∏—è¬†‚Äî –ö—Å–µ–Ω–∏—è –ú–∏—Ö–∞–π–ª–æ–≤–∞"", ""footnote_image"": ""minicover-answer-for-spets-israel-citizen-msk-140k-2.png"", ""playback_speed"": 0.1, ""background_color"": """", ""background_image"": ""cover-in-answer-for-spets-israel-citizen-msk-140k-21.png""}, ""decoration"": {""is_feature_layout"": false}, ""is_redesign"": true}";"{""seo"": {""seo_title"": ""¬´–Ø –±–æ–ª—å—à–∞—è —Ç—Ä–∞–Ω–∂–∏—Ä–∞¬ª: –∫–∞–∫ –ø–µ—Ä–µ—Å—Ç–∞—Ç—å —Å–ø—É—Å–∫–∞—Ç—å –¥–µ–Ω—å–≥–∏ –Ω–∞ –º–∞—Ä–∫–µ—Ç–ø–ª–µ–π—Å–∞—Ö"", ""seo_recipe"": {}, ""seo_breadcrumb"": """", ""seo_description"": """"}, ""footer"": {""cast"": """", ""footer_text"": """", ""footer_is_dark"": false, ""recommender_title"": """", ""subscribe_disabled"": false, ""footer_sharer_title"": """", ""recommender_exclude"": false}, ""comments"": {""comments_status"": ""on"", ""comments_editorial"": true, ""comments_author_text"": ""–ê¬†–≤—ã¬†–±—ã‚Äã —á—Ç–æ –ø–æ—Å–æ–≤–µ—Ç–æ–≤–∞–ª–∏?""}, ""shortened"": {""badge_text"": """", ""short_title"": """", ""short_subtitle"": """"}, ""visibility"": {""is_unindexed"": false, ""ugc_is_featured"": true, ""is_hidden_from_app"": false, ""is_hidden_from_news"": false, ""is_hidden_from_search"": false, ""is_hidden_from_tj_app"": false, ""is_hidden_from_main_page"": false, ""is_hidden_from_yandex_turbo"": false}, ""content_authors"": []}";answer-for-spets-israel-citizen-msk-140k-2;;False;True;;False;False;False;–æ–¥–µ–∂–¥–∞, –ø–æ–∫—É–ø–∫–∏, —Ç—Ä–∞—Ç—ã;UGC, –î–Ω–µ–≤–Ω–∏–∫–∏, –ú–æ–∑–≥;–ú–æ–∑–≥, –ü—Å–∏—Ö–æ—Ç–µ—Ä–∞–ø–∏—è, –°–æ–≤–µ—Ç—ã —ç–∫—Å–ø–µ—Ä—Ç–æ–≤ –≥–µ—Ä–æ—è–º –¥–Ω–µ–≤–Ω–∏–∫–æ–≤;–î—Ä—É–≥–æ–µ;–ú–∞—Ç–≤–µ–π –ó–æ—Ç–æ–≤ 
